tDays,Energy,Count,EnergyPerCountFiltered,Temp,X,Y,Z,BIN_0,BIN_1,BIN_2,BIN_3,BIN_4,BIN_5,BIN_6,BIN_7,BIN_8,BIN_9,BIN_10,BIN_11,BIN_12,BIN_13,BIN_14,BIN_15,BIN_16,BIN_17,BIN_18,BIN_19,BIN_20,BIN_21,BIN_22,BIN_23,BIN_24,BIN_25,BIN_26,BIN_27,BIN_28,BIN_29
37.5998611111,257399.0,35530.0,7.24455389811,773.0,870.0,568.0,65527.0,2165.0,5797.0,6493.0,5370.0,7122.0,7386.0,1086.0,109.0,2.0,0.0,0.0,0.0,0.0,0.0,0.0,0.0,0.0,0.0,0.0,0.0,0.0,0.0,0.0,0.0,0.0,0.0,0.0,0.0,0.0,0.0
37.6040277778,255920.0,35530.0,7.20292710386,773.0,871.0,566.0,65528.0,2149.0,5828.0,6496.0,5333.0,7173.0,7429.0,1025.0,89.0,8.0,0.0,0.0,0.0,0.0,0.0,0.0,0.0,0.0,0.0,0.0,0.0,0.0,0.0,0.0,0.0,0.0,0.0,0.0,0.0,0.0,0.0
37.6081944444,256460.0,35534.0,7.217312996,770.0,871.0,568.0,65528.0,2149.0,5798.0,6665.0,5299.0,7109.0,7336.0,1051.0,125.0,2.0,0.0,0.0,0.0,0.0,0.0,0.0,0.0,0.0,0.0,0.0,0.0,0.0,0.0,0.0,0.0,0.0,0.0,0.0,0.0,0.0,0.0
37.6123611111,258880.0,35522.0,7.2878779348,771.0,872.0,568.0,65526.0,2141.0,5742.0,6513.0,5268.0,7354.0,7277.0,1106.0,113.0,7.0,1.0,0.0,0.0,0.0,0.0,0.0,0.0,0.0,0.0,0.0,0.0,0.0,0.0,0.0,0.0,0.0,0.0,0.0,0.0,0.0,0.0
37.6165277778,250988.0,35533.0,7.0635184195,773.0,867.0,566.0,65532.0,2219.0,6018.0,6575.0,5205.0,7163.0,7284.0,985.0,80.0,4.0,0.0,0.0,0.0,0.0,0.0,0.0,0.0,0.0,0.0,0.0,0.0,0.0,0.0,0.0,0.0,0.0,0.0,0.0,0.0,0.0,0.0
37.6206944444,255647.0,35529.0,7.19544597371,771.0,873.0,564.0,65526.0,2239.0,5711.0,6562.0,5199.0,7328.0,7351.0,1041.0,95.0,3.0,0.0,0.0,0.0,0.0,0.0,0.0,0.0,0.0,0.0,0.0,0.0,0.0,0.0,0.0,0.0,0.0,0.0,0.0,0.0,0.0,0.0
37.6248611111,257026.0,35535.0,7.23303785001,771.0,871.0,568.0,65527.0,2187.0,5788.0,6505.0,5085.0,7446.0,7353.0,1077.0,91.0,3.0,0.0,0.0,0.0,0.0,0.0,0.0,0.0,0.0,0.0,0.0,0.0,0.0,0.0,0.0,0.0,0.0,0.0,0.0,0.0,0.0,0.0
37.6290277778,261065.0,35537.0,7.34628696851,776.0,871.0,568.0,65532.0,2140.0,5837.0,6392.0,5043.0,7412.0,7504.0,1095.0,105.0,9.0,0.0,0.0,0.0,0.0,0.0,0.0,0.0,0.0,0.0,0.0,0.0,0.0,0.0,0.0,0.0,0.0,0.0,0.0,0.0,0.0,0.0
37.6331944444,260900.0,35525.0,7.34412385644,771.0,871.0,567.0,65526.0,2143.0,5758.0,6275.0,5138.0,7393.0,7667.0,1055.0,91.0,5.0,0.0,0.0,0.0,0.0,0.0,0.0,0.0,0.0,0.0,0.0,0.0,0.0,0.0,0.0,0.0,0.0,0.0,0.0,0.0,0.0,0.0
37.6373611111,264474.0,35528.0,7.44410042783,773.0,867.0,568.0,65528.0,2065.0,5556.0,6347.0,5056.0,7560.0,7739.0,1119.0,80.0,6.0,0.0,0.0,0.0,0.0,0.0,0.0,0.0,0.0,0.0,0.0,0.0,0.0,0.0,0.0,0.0,0.0,0.0,0.0,0.0,0.0,0.0
37.6415277778,262548.0,35523.0,7.39092982012,776.0,871.0,566.0,65528.0,2072.0,5544.0,6446.0,5106.0,7561.0,7576.0,1134.0,79.0,5.0,0.0,0.0,0.0,0.0,0.0,0.0,0.0,0.0,0.0,0.0,0.0,0.0,0.0,0.0,0.0,0.0,0.0,0.0,0.0,0.0,0.0
37.6456944444,266897.0,35524.0,7.51314604211,775.0,868.0,564.0,65528.0,2179.0,5397.0,6292.0,4989.0,7640.0,7798.0,1138.0,80.0,10.0,1.0,0.0,0.0,0.0,0.0,0.0,0.0,0.0,0.0,0.0,0.0,0.0,0.0,0.0,0.0,0.0,0.0,0.0,0.0,0.0,0.0
37.6498611111,271170.0,35523.0,7.63364580694,770.0,871.0,568.0,65528.0,2092.0,5362.0,6228.0,4906.0,7698.0,7961.0,1169.0,99.0,8.0,0.0,0.0,0.0,0.0,0.0,0.0,0.0,0.0,0.0,0.0,0.0,0.0,0.0,0.0,0.0,0.0,0.0,0.0,0.0,0.0,0.0
37.6540277778,263320.0,35524.0,7.41245355253,771.0,871.0,568.0,65526.0,2074.0,5716.0,6340.0,4981.0,7625.0,7544.0,1147.0,91.0,6.0,0.0,0.0,0.0,0.0,0.0,0.0,0.0,0.0,0.0,0.0,0.0,0.0,0.0,0.0,0.0,0.0,0.0,0.0,0.0,0.0,0.0
37.6581944444,266922.0,35527.0,7.51321530104,771.0,868.0,568.0,65528.0,2116.0,5696.0,6189.0,4910.0,7577.0,7765.0,1170.0,100.0,4.0,0.0,0.0,0.0,0.0,0.0,0.0,0.0,0.0,0.0,0.0,0.0,0.0,0.0,0.0,0.0,0.0,0.0,0.0,0.0,0.0,0.0
37.6623611111,269293.0,35526.0,7.58016663852,773.0,871.0,572.0,65528.0,2107.0,5479.0,6341.0,4839.0,7632.0,7862.0,1140.0,120.0,6.0,0.0,0.0,0.0,0.0,0.0,0.0,0.0,0.0,0.0,0.0,0.0,0.0,0.0,0.0,0.0,0.0,0.0,0.0,0.0,0.0,0.0
37.6665277778,273494.0,35526.0,7.69841806001,773.0,872.0,566.0,65524.0,2170.0,5406.0,5982.0,4829.0,7847.0,7951.0,1233.0,101.0,7.0,0.0,0.0,0.0,0.0,0.0,0.0,0.0,0.0,0.0,0.0,0.0,0.0,0.0,0.0,0.0,0.0,0.0,0.0,0.0,0.0,0.0
37.6706944444,277302.0,35534.0,7.80384983396,776.0,867.0,569.0,65532.0,2000.0,5270.0,5998.0,4913.0,7840.0,8150.0,1257.0,102.0,4.0,0.0,0.0,0.0,0.0,0.0,0.0,0.0,0.0,0.0,0.0,0.0,0.0,0.0,0.0,0.0,0.0,0.0,0.0,0.0,0.0,0.0
37.6748611111,279810.0,35531.0,7.87509498748,776.0,873.0,568.0,65527.0,1979.0,5154.0,5944.0,4906.0,7923.0,8253.0,1259.0,110.0,3.0,0.0,0.0,0.0,0.0,0.0,0.0,0.0,0.0,0.0,0.0,0.0,0.0,0.0,0.0,0.0,0.0,0.0,0.0,0.0,0.0,0.0
37.6790277778,283877.0,35545.0,7.98641159094,773.0,870.0,568.0,65532.0,1875.0,5163.0,5979.0,4749.0,8026.0,8292.0,1344.0,111.0,6.0,0.0,0.0,0.0,0.0,0.0,0.0,0.0,0.0,0.0,0.0,0.0,0.0,0.0,0.0,0.0,0.0,0.0,0.0,0.0,0.0,0.0
37.6831944444,285377.0,35552.0,8.02703082808,775.0,867.0,569.0,65528.0,1842.0,5063.0,5749.0,4782.0,8171.0,8572.0,1284.0,83.0,6.0,0.0,0.0,0.0,0.0,0.0,0.0,0.0,0.0,0.0,0.0,0.0,0.0,0.0,0.0,0.0,0.0,0.0,0.0,0.0,0.0,0.0
37.6873611111,292312.0,35560.0,8.22024746907,773.0,871.0,563.0,65530.0,1813.0,4888.0,5658.0,4775.0,8104.0,8837.0,1387.0,96.0,2.0,0.0,0.0,0.0,0.0,0.0,0.0,0.0,0.0,0.0,0.0,0.0,0.0,0.0,0.0,0.0,0.0,0.0,0.0,0.0,0.0,0.0
37.6915277778,285211.0,35560.0,8.0205568054,776.0,867.0,568.0,65531.0,1841.0,5125.0,5833.0,4925.0,7992.0,8401.0,1320.0,119.0,4.0,0.0,0.0,0.0,0.0,0.0,0.0,0.0,0.0,0.0,0.0,0.0,0.0,0.0,0.0,0.0,0.0,0.0,0.0,0.0,0.0,0.0
37.6956944444,282632.0,35552.0,7.949819982,776.0,871.0,568.0,65532.0,1983.0,5150.0,5819.0,4713.0,8086.0,8452.0,1237.0,107.0,5.0,0.0,0.0,0.0,0.0,0.0,0.0,0.0,0.0,0.0,0.0,0.0,0.0,0.0,0.0,0.0,0.0,0.0,0.0,0.0,0.0,0.0
37.6998611111,283940.0,35539.0,7.98953262613,776.0,872.0,574.0,65526.0,1893.0,5074.0,5837.0,4788.0,8003.0,8585.0,1266.0,90.0,3.0,0.0,0.0,0.0,0.0,0.0,0.0,0.0,0.0,0.0,0.0,0.0,0.0,0.0,0.0,0.0,0.0,0.0,0.0,0.0,0.0,0.0
37.7040277778,286824.0,35541.0,8.07022874989,776.0,867.0,566.0,65528.0,1863.0,4964.0,5810.0,4690.0,8249.0,8573.0,1286.0,100.0,6.0,0.0,0.0,0.0,0.0,0.0,0.0,0.0,0.0,0.0,0.0,0.0,0.0,0.0,0.0,0.0,0.0,0.0,0.0,0.0,0.0,0.0
37.7081944444,287016.0,35538.0,8.07631267939,776.0,870.0,568.0,65524.0,1854.0,4928.0,5742.0,4667.0,8290.0,8689.0,1286.0,79.0,3.0,0.0,0.0,0.0,0.0,0.0,0.0,0.0,0.0,0.0,0.0,0.0,0.0,0.0,0.0,0.0,0.0,0.0,0.0,0.0,0.0,0.0
37.7123611111,290118.0,35546.0,8.1617622236,771.0,868.0,568.0,65529.0,1914.0,4896.0,5713.0,4727.0,8239.0,8559.0,1384.0,107.0,7.0,0.0,0.0,0.0,0.0,0.0,0.0,0.0,0.0,0.0,0.0,0.0,0.0,0.0,0.0,0.0,0.0,0.0,0.0,0.0,0.0,0.0
37.7165277778,292917.0,35547.0,8.2402734408,776.0,870.0,568.0,65527.0,1830.0,4897.0,5666.0,4594.0,8251.0,8849.0,1347.0,107.0,6.0,0.0,0.0,0.0,0.0,0.0,0.0,0.0,0.0,0.0,0.0,0.0,0.0,0.0,0.0,0.0,0.0,0.0,0.0,0.0,0.0,0.0
37.7206944444,287362.0,35548.0,8.08377405199,775.0,871.0,567.0,65532.0,1790.0,5006.0,5756.0,4727.0,8262.0,8627.0,1280.0,93.0,7.0,0.0,0.0,0.0,0.0,0.0,0.0,0.0,0.0,0.0,0.0,0.0,0.0,0.0,0.0,0.0,0.0,0.0,0.0,0.0,0.0,0.0
37.7248611111,293048.0,35556.0,8.2418719766,776.0,868.0,569.0,65535.0,1816.0,4802.0,5651.0,4616.0,8422.0,8786.0,1357.0,101.0,5.0,0.0,0.0,0.0,0.0,0.0,0.0,0.0,0.0,0.0,0.0,0.0,0.0,0.0,0.0,0.0,0.0,0.0,0.0,0.0,0.0,0.0
37.7290277778,295182.0,35558.0,8.30142302717,776.0,868.0,567.0,65534.0,1787.0,4864.0,5411.0,4684.0,8511.0,8784.0,1423.0,87.0,6.0,1.0,0.0,0.0,0.0,0.0,0.0,0.0,0.0,0.0,0.0,0.0,0.0,0.0,0.0,0.0,0.0,0.0,0.0,0.0,0.0,0.0
37.7331944444,295506.0,35553.0,8.3117036537,776.0,865.0,567.0,65528.0,1832.0,4914.0,5586.0,4549.0,8233.0,8930.0,1394.0,107.0,8.0,0.0,0.0,0.0,0.0,0.0,0.0,0.0,0.0,0.0,0.0,0.0,0.0,0.0,0.0,0.0,0.0,0.0,0.0,0.0,0.0,0.0
37.7373611111,293016.0,35553.0,8.24166736984,776.0,871.0,567.0,65534.0,1804.0,4878.0,5703.0,4659.0,8126.0,8908.0,1374.0,99.0,2.0,0.0,0.0,0.0,0.0,0.0,0.0,0.0,0.0,0.0,0.0,0.0,0.0,0.0,0.0,0.0,0.0,0.0,0.0,0.0,0.0,0.0
37.7415277778,293427.0,35559.0,8.25183497849,776.0,871.0,568.0,65532.0,1766.0,4783.0,5752.0,4569.0,8416.0,8819.0,1344.0,104.0,6.0,0.0,0.0,0.0,0.0,0.0,0.0,0.0,0.0,0.0,0.0,0.0,0.0,0.0,0.0,0.0,0.0,0.0,0.0,0.0,0.0,0.0
37.7456944444,295157.0,35556.0,8.30118686016,776.0,872.0,568.0,65532.0,1735.0,4889.0,5652.0,4579.0,8231.0,9017.0,1341.0,105.0,7.0,0.0,0.0,0.0,0.0,0.0,0.0,0.0,0.0,0.0,0.0,0.0,0.0,0.0,0.0,0.0,0.0,0.0,0.0,0.0,0.0,0.0
37.7498611111,295051.0,35547.0,8.30030663628,776.0,871.0,566.0,65528.0,1751.0,4861.0,5715.0,4480.0,8343.0,8939.0,1348.0,96.0,14.0,0.0,0.0,0.0,0.0,0.0,0.0,0.0,0.0,0.0,0.0,0.0,0.0,0.0,0.0,0.0,0.0,0.0,0.0,0.0,0.0,0.0
37.7540277778,288756.0,35551.0,8.12230317009,781.0,872.0,567.0,65529.0,1876.0,5234.0,5677.0,4524.0,8107.0,8696.0,1321.0,110.0,6.0,0.0,0.0,0.0,0.0,0.0,0.0,0.0,0.0,0.0,0.0,0.0,0.0,0.0,0.0,0.0,0.0,0.0,0.0,0.0,0.0,0.0
37.7581944444,302272.0,35548.0,8.50320693147,776.0,871.0,568.0,65528.0,1686.0,4834.0,5417.0,4421.0,8435.0,9146.0,1506.0,100.0,2.0,1.0,0.0,0.0,0.0,0.0,0.0,0.0,0.0,0.0,0.0,0.0,0.0,0.0,0.0,0.0,0.0,0.0,0.0,0.0,0.0,0.0
37.7623611111,297438.0,35556.0,8.36533918326,776.0,871.0,568.0,65527.0,1741.0,4876.0,5587.0,4551.0,8300.0,8961.0,1427.0,105.0,8.0,0.0,0.0,0.0,0.0,0.0,0.0,0.0,0.0,0.0,0.0,0.0,0.0,0.0,0.0,0.0,0.0,0.0,0.0,0.0,0.0,0.0
37.7665277778,294171.0,35546.0,8.27578349181,776.0,871.0,563.0,65528.0,1789.0,4889.0,5503.0,4573.0,8494.0,8786.0,1420.0,90.0,2.0,0.0,0.0,0.0,0.0,0.0,0.0,0.0,0.0,0.0,0.0,0.0,0.0,0.0,0.0,0.0,0.0,0.0,0.0,0.0,0.0,0.0
37.7706944444,293880.0,35551.0,8.26643413687,782.0,871.0,568.0,65534.0,1837.0,4798.0,5579.0,4657.0,8340.0,8852.0,1394.0,89.0,5.0,0.0,0.0,0.0,0.0,0.0,0.0,0.0,0.0,0.0,0.0,0.0,0.0,0.0,0.0,0.0,0.0,0.0,0.0,0.0,0.0,0.0
37.7748611111,295926.0,35561.0,8.32164449819,778.0,871.0,563.0,65532.0,1719.0,4802.0,5478.0,4692.0,8465.0,8905.0,1404.0,94.0,2.0,0.0,0.0,0.0,0.0,0.0,0.0,0.0,0.0,0.0,0.0,0.0,0.0,0.0,0.0,0.0,0.0,0.0,0.0,0.0,0.0,0.0
37.7790277778,295352.0,35560.0,8.3057367829,776.0,871.0,567.0,65532.0,1822.0,4870.0,5635.0,4471.0,8284.0,8999.0,1376.0,98.0,4.0,1.0,0.0,0.0,0.0,0.0,0.0,0.0,0.0,0.0,0.0,0.0,0.0,0.0,0.0,0.0,0.0,0.0,0.0,0.0,0.0,0.0
37.7831944444,300908.0,35557.0,8.46269370307,779.0,871.0,568.0,65532.0,1710.0,4766.0,5545.0,4445.0,8419.0,9125.0,1429.0,110.0,7.0,1.0,0.0,0.0,0.0,0.0,0.0,0.0,0.0,0.0,0.0,0.0,0.0,0.0,0.0,0.0,0.0,0.0,0.0,0.0,0.0,0.0
37.7873611111,301348.0,35560.0,8.47435320585,781.0,870.0,564.0,65534.0,1718.0,4656.0,5462.0,4532.0,8507.0,9134.0,1446.0,100.0,4.0,1.0,0.0,0.0,0.0,0.0,0.0,0.0,0.0,0.0,0.0,0.0,0.0,0.0,0.0,0.0,0.0,0.0,0.0,0.0,0.0,0.0
37.7915277778,299542.0,35557.0,8.42427651377,779.0,868.0,568.0,65528.0,1619.0,4850.0,5554.0,4622.0,8321.0,9028.0,1450.0,106.0,7.0,0.0,0.0,0.0,0.0,0.0,0.0,0.0,0.0,0.0,0.0,0.0,0.0,0.0,0.0,0.0,0.0,0.0,0.0,0.0,0.0,0.0
37.7956944444,300900.0,35559.0,8.46199274445,776.0,870.0,568.0,65532.0,1776.0,4710.0,5503.0,4424.0,8410.0,9205.0,1422.0,102.0,7.0,0.0,0.0,0.0,0.0,0.0,0.0,0.0,0.0,0.0,0.0,0.0,0.0,0.0,0.0,0.0,0.0,0.0,0.0,0.0,0.0,0.0
37.7998611111,302573.0,35552.0,8.51071669667,778.0,867.0,568.0,65528.0,1636.0,4643.0,5431.0,4541.0,8587.0,9131.0,1487.0,90.0,6.0,0.0,0.0,0.0,0.0,0.0,0.0,0.0,0.0,0.0,0.0,0.0,0.0,0.0,0.0,0.0,0.0,0.0,0.0,0.0,0.0,0.0
37.8040277778,299098.0,35557.0,8.41178952105,781.0,868.0,568.0,65524.0,1772.0,4698.0,5578.0,4463.0,8432.0,9073.0,1433.0,108.0,0.0,0.0,0.0,0.0,0.0,0.0,0.0,0.0,0.0,0.0,0.0,0.0,0.0,0.0,0.0,0.0,0.0,0.0,0.0,0.0,0.0,0.0
37.8081944444,303145.0,35571.0,8.5222512721,778.0,871.0,568.0,65528.0,1710.0,4697.0,5530.0,4485.0,8371.0,9169.0,1495.0,104.0,10.0,0.0,0.0,0.0,0.0,0.0,0.0,0.0,0.0,0.0,0.0,0.0,0.0,0.0,0.0,0.0,0.0,0.0,0.0,0.0,0.0,0.0
37.8123611111,293740.0,35547.0,8.26342588685,776.0,871.0,568.0,65528.0,1792.0,4920.0,5616.0,4441.0,8466.0,8838.0,1380.0,86.0,8.0,0.0,0.0,0.0,0.0,0.0,0.0,0.0,0.0,0.0,0.0,0.0,0.0,0.0,0.0,0.0,0.0,0.0,0.0,0.0,0.0,0.0
37.8165277778,293365.0,35567.0,8.24823572413,779.0,871.0,568.0,65529.0,1886.0,4849.0,5614.0,4536.0,8371.0,8851.0,1354.0,99.0,7.0,0.0,0.0,0.0,0.0,0.0,0.0,0.0,0.0,0.0,0.0,0.0,0.0,0.0,0.0,0.0,0.0,0.0,0.0,0.0,0.0,0.0
37.8206944444,295240.0,35565.0,8.30141993533,781.0,871.0,563.0,65534.0,1767.0,4900.0,5486.0,4516.0,8575.0,8834.0,1379.0,103.0,5.0,0.0,0.0,0.0,0.0,0.0,0.0,0.0,0.0,0.0,0.0,0.0,0.0,0.0,0.0,0.0,0.0,0.0,0.0,0.0,0.0,0.0
37.8248611111,302666.0,35573.0,8.50830686195,778.0,868.0,567.0,65531.0,1744.0,4668.0,5401.0,4543.0,8524.0,9104.0,1472.0,108.0,9.0,0.0,0.0,0.0,0.0,0.0,0.0,0.0,0.0,0.0,0.0,0.0,0.0,0.0,0.0,0.0,0.0,0.0,0.0,0.0,0.0,0.0
37.8290277778,304949.0,35579.0,8.5710390961,782.0,871.0,566.0,65535.0,1779.0,4567.0,5513.0,4449.0,8375.0,9279.0,1497.0,112.0,8.0,0.0,0.0,0.0,0.0,0.0,0.0,0.0,0.0,0.0,0.0,0.0,0.0,0.0,0.0,0.0,0.0,0.0,0.0,0.0,0.0,0.0
37.8331944444,299929.0,35582.0,8.4292338823,781.0,867.0,568.0,65528.0,1772.0,4793.0,5394.0,4443.0,8568.0,9087.0,1419.0,99.0,7.0,0.0,0.0,0.0,0.0,0.0,0.0,0.0,0.0,0.0,0.0,0.0,0.0,0.0,0.0,0.0,0.0,0.0,0.0,0.0,0.0,0.0
37.8373611111,303097.0,35575.0,8.51994378074,776.0,868.0,568.0,65528.0,1748.0,4587.0,5377.0,4401.0,8691.0,9211.0,1460.0,98.0,2.0,0.0,0.0,0.0,0.0,0.0,0.0,0.0,0.0,0.0,0.0,0.0,0.0,0.0,0.0,0.0,0.0,0.0,0.0,0.0,0.0,0.0
37.8415277778,300690.0,35586.0,8.44967121902,779.0,871.0,566.0,65532.0,1729.0,4578.0,5608.0,4414.0,8651.0,9087.0,1411.0,99.0,9.0,0.0,0.0,0.0,0.0,0.0,0.0,0.0,0.0,0.0,0.0,0.0,0.0,0.0,0.0,0.0,0.0,0.0,0.0,0.0,0.0,0.0
37.8456944444,307391.0,35579.0,8.63967508924,781.0,871.0,568.0,65528.0,1738.0,4627.0,5104.0,4461.0,8663.0,9386.0,1486.0,108.0,6.0,0.0,0.0,0.0,0.0,0.0,0.0,0.0,0.0,0.0,0.0,0.0,0.0,0.0,0.0,0.0,0.0,0.0,0.0,0.0,0.0,0.0
37.8498611111,305000.0,35568.0,8.5751237067,781.0,876.0,568.0,65527.0,1610.0,4534.0,5381.0,4354.0,8700.0,9480.0,1426.0,82.0,1.0,0.0,0.0,0.0,0.0,0.0,0.0,0.0,0.0,0.0,0.0,0.0,0.0,0.0,0.0,0.0,0.0,0.0,0.0,0.0,0.0,0.0
37.8540277778,306906.0,35577.0,8.62652837507,782.0,871.0,568.0,65528.0,1728.0,4538.0,5244.0,4428.0,8715.0,9312.0,1507.0,97.0,8.0,0.0,0.0,0.0,0.0,0.0,0.0,0.0,0.0,0.0,0.0,0.0,0.0,0.0,0.0,0.0,0.0,0.0,0.0,0.0,0.0,0.0
37.8581944444,308837.0,35570.0,8.68251335395,781.0,870.0,567.0,65531.0,1637.0,4535.0,5259.0,4414.0,8694.0,9385.0,1537.0,105.0,4.0,0.0,0.0,0.0,0.0,0.0,0.0,0.0,0.0,0.0,0.0,0.0,0.0,0.0,0.0,0.0,0.0,0.0,0.0,0.0,0.0,0.0
37.8623611111,312010.0,35578.0,8.76974534825,781.0,871.0,567.0,65534.0,1552.0,4452.0,5227.0,4234.0,8865.0,9640.0,1501.0,105.0,2.0,0.0,0.0,0.0,0.0,0.0,0.0,0.0,0.0,0.0,0.0,0.0,0.0,0.0,0.0,0.0,0.0,0.0,0.0,0.0,0.0,0.0
37.8665277778,317069.0,35579.0,8.91168947975,781.0,871.0,568.0,65528.0,1503.0,4251.0,5041.0,4416.0,9050.0,9616.0,1578.0,118.0,6.0,0.0,0.0,0.0,0.0,0.0,0.0,0.0,0.0,0.0,0.0,0.0,0.0,0.0,0.0,0.0,0.0,0.0,0.0,0.0,0.0,0.0
37.8706944444,319555.0,35568.0,8.98433985605,781.0,870.0,567.0,65528.0,1502.0,4239.0,4984.0,4371.0,8807.0,9920.0,1658.0,86.0,1.0,0.0,0.0,0.0,0.0,0.0,0.0,0.0,0.0,0.0,0.0,0.0,0.0,0.0,0.0,0.0,0.0,0.0,0.0,0.0,0.0,0.0
37.8748611111,321537.0,35575.0,9.03828531272,781.0,871.0,568.0,65534.0,1472.0,4169.0,4988.0,4390.0,8889.0,9908.0,1653.0,98.0,8.0,0.0,0.0,0.0,0.0,0.0,0.0,0.0,0.0,0.0,0.0,0.0,0.0,0.0,0.0,0.0,0.0,0.0,0.0,0.0,0.0,0.0
37.8790277778,323346.0,35570.0,9.09041326961,781.0,871.0,567.0,65528.0,1437.0,4214.0,5016.0,4275.0,8948.0,9850.0,1711.0,112.0,7.0,0.0,0.0,0.0,0.0,0.0,0.0,0.0,0.0,0.0,0.0,0.0,0.0,0.0,0.0,0.0,0.0,0.0,0.0,0.0,0.0,0.0
37.8831944444,317863.0,35565.0,8.93752284549,781.0,868.0,566.0,65529.0,1532.0,4173.0,5051.0,4321.0,9092.0,9662.0,1635.0,94.0,5.0,0.0,0.0,0.0,0.0,0.0,0.0,0.0,0.0,0.0,0.0,0.0,0.0,0.0,0.0,0.0,0.0,0.0,0.0,0.0,0.0,0.0
37.8873611111,322622.0,35573.0,9.06929412757,781.0,871.0,568.0,65529.0,1525.0,4006.0,5072.0,4318.0,9022.0,9839.0,1671.0,115.0,4.0,1.0,0.0,0.0,0.0,0.0,0.0,0.0,0.0,0.0,0.0,0.0,0.0,0.0,0.0,0.0,0.0,0.0,0.0,0.0,0.0,0.0
37.8915277778,320458.0,35591.0,9.00390548172,781.0,871.0,566.0,65532.0,1525.0,4208.0,4879.0,4401.0,8989.0,9827.0,1659.0,102.0,1.0,0.0,0.0,0.0,0.0,0.0,0.0,0.0,0.0,0.0,0.0,0.0,0.0,0.0,0.0,0.0,0.0,0.0,0.0,0.0,0.0,0.0
37.8956944444,319860.0,35584.0,8.98887140288,781.0,868.0,568.0,65528.0,1533.0,4318.0,5093.0,4259.0,8868.0,9694.0,1700.0,115.0,4.0,0.0,0.0,0.0,0.0,0.0,0.0,0.0,0.0,0.0,0.0,0.0,0.0,0.0,0.0,0.0,0.0,0.0,0.0,0.0,0.0,0.0
37.8998611111,317438.0,35581.0,8.92155925916,781.0,865.0,568.0,65529.0,1575.0,4128.0,5067.0,4520.0,8963.0,9579.0,1641.0,99.0,8.0,1.0,0.0,0.0,0.0,0.0,0.0,0.0,0.0,0.0,0.0,0.0,0.0,0.0,0.0,0.0,0.0,0.0,0.0,0.0,0.0,0.0
37.9040277778,320888.0,35529.0,9.0317205663,781.0,871.0,567.0,65531.0,1456.0,4152.0,4930.0,4323.0,9154.0,9736.0,1675.0,99.0,3.0,1.0,0.0,0.0,0.0,0.0,0.0,0.0,0.0,0.0,0.0,0.0,0.0,0.0,0.0,0.0,0.0,0.0,0.0,0.0,0.0,0.0
37.9081944444,319163.0,35618.0,8.9607221068,782.0,868.0,568.0,65528.0,1479.0,4189.0,4999.0,4448.0,9006.0,9748.0,1659.0,85.0,5.0,0.0,0.0,0.0,0.0,0.0,0.0,0.0,0.0,0.0,0.0,0.0,0.0,0.0,0.0,0.0,0.0,0.0,0.0,0.0,0.0,0.0
37.9123611111,321457.0,35604.0,9.0286765532,781.0,868.0,568.0,65527.0,1524.0,4275.0,5003.0,4250.0,9002.0,9745.0,1679.0,119.0,7.0,0.0,0.0,0.0,0.0,0.0,0.0,0.0,0.0,0.0,0.0,0.0,0.0,0.0,0.0,0.0,0.0,0.0,0.0,0.0,0.0,0.0
37.9165277778,318641.0,35607.0,8.94883028618,782.0,868.0,566.0,65528.0,1517.0,4237.0,4944.0,4427.0,9021.0,9719.0,1646.0,91.0,5.0,0.0,0.0,0.0,0.0,0.0,0.0,0.0,0.0,0.0,0.0,0.0,0.0,0.0,0.0,0.0,0.0,0.0,0.0,0.0,0.0,0.0
37.9206944444,317863.0,35592.0,8.93074286356,782.0,871.0,566.0,65529.0,1493.0,4111.0,4978.0,4433.0,9088.0,9815.0,1596.0,74.0,4.0,0.0,0.0,0.0,0.0,0.0,0.0,0.0,0.0,0.0,0.0,0.0,0.0,0.0,0.0,0.0,0.0,0.0,0.0,0.0,0.0,0.0
37.9248611111,323852.0,35585.0,9.10080089926,781.0,868.0,569.0,65532.0,1427.0,3974.0,4917.0,4359.0,9234.0,9907.0,1668.0,91.0,8.0,0.0,0.0,0.0,0.0,0.0,0.0,0.0,0.0,0.0,0.0,0.0,0.0,0.0,0.0,0.0,0.0,0.0,0.0,0.0,0.0,0.0
37.9290277778,326043.0,35601.0,9.15825398163,782.0,870.0,567.0,65532.0,1428.0,4069.0,4701.0,4443.0,9130.0,10036.0,1684.0,106.0,4.0,0.0,0.0,0.0,0.0,0.0,0.0,0.0,0.0,0.0,0.0,0.0,0.0,0.0,0.0,0.0,0.0,0.0,0.0,0.0,0.0,0.0
37.9331944444,325386.0,35579.0,9.14545096827,781.0,868.0,566.0,65534.0,1463.0,3976.0,4749.0,4376.0,9313.0,9886.0,1715.0,97.0,3.0,1.0,0.0,0.0,0.0,0.0,0.0,0.0,0.0,0.0,0.0,0.0,0.0,0.0,0.0,0.0,0.0,0.0,0.0,0.0,0.0,0.0
37.9373611111,329020.0,35589.0,9.24499142994,781.0,871.0,568.0,65532.0,1399.0,3902.0,4741.0,4353.0,9420.0,9839.0,1837.0,92.0,6.0,0.0,0.0,0.0,0.0,0.0,0.0,0.0,0.0,0.0,0.0,0.0,0.0,0.0,0.0,0.0,0.0,0.0,0.0,0.0,0.0,0.0
37.9415277778,329467.0,35586.0,9.25833192829,782.0,867.0,568.0,65532.0,1414.0,3933.0,4745.0,4367.0,9462.0,9680.0,1855.0,125.0,5.0,0.0,0.0,0.0,0.0,0.0,0.0,0.0,0.0,0.0,0.0,0.0,0.0,0.0,0.0,0.0,0.0,0.0,0.0,0.0,0.0,0.0
37.9456944444,327164.0,35582.0,9.19464897982,782.0,868.0,568.0,65532.0,1395.0,4032.0,4750.0,4292.0,9470.0,9742.0,1782.0,116.0,3.0,0.0,0.0,0.0,0.0,0.0,0.0,0.0,0.0,0.0,0.0,0.0,0.0,0.0,0.0,0.0,0.0,0.0,0.0,0.0,0.0,0.0
37.9498611111,325138.0,35584.0,9.13719649281,779.0,865.0,563.0,65528.0,1443.0,3890.0,4676.0,4528.0,9327.0,9910.0,1728.0,81.0,1.0,0.0,0.0,0.0,0.0,0.0,0.0,0.0,0.0,0.0,0.0,0.0,0.0,0.0,0.0,0.0,0.0,0.0,0.0,0.0,0.0,0.0
37.9540277778,334874.0,35616.0,9.40234725966,782.0,871.0,568.0,65527.0,1407.0,3858.0,4578.0,4485.0,9410.0,9754.0,1994.0,123.0,7.0,0.0,0.0,0.0,0.0,0.0,0.0,0.0,0.0,0.0,0.0,0.0,0.0,0.0,0.0,0.0,0.0,0.0,0.0,0.0,0.0,0.0
37.9581944444,329514.0,35484.0,9.28626986811,781.0,871.0,567.0,65532.0,1462.0,3910.0,4582.0,4452.0,9373.0,9768.0,1797.0,128.0,11.0,1.0,0.0,0.0,0.0,0.0,0.0,0.0,0.0,0.0,0.0,0.0,0.0,0.0,0.0,0.0,0.0,0.0,0.0,0.0,0.0,0.0
37.9623611111,325804.0,35551.0,9.16441169025,782.0,871.0,564.0,65528.0,1502.0,3946.0,4645.0,4570.0,9362.0,9580.0,1836.0,105.0,5.0,0.0,0.0,0.0,0.0,0.0,0.0,0.0,0.0,0.0,0.0,0.0,0.0,0.0,0.0,0.0,0.0,0.0,0.0,0.0,0.0,0.0
37.9665277778,324208.0,35585.0,9.11080511451,784.0,868.0,569.0,65528.0,1473.0,4010.0,4665.0,4561.0,9342.0,9678.0,1748.0,105.0,3.0,0.0,0.0,0.0,0.0,0.0,0.0,0.0,0.0,0.0,0.0,0.0,0.0,0.0,0.0,0.0,0.0,0.0,0.0,0.0,0.0,0.0
37.9706944444,325001.0,35582.0,9.13385981676,781.0,871.0,566.0,65532.0,1550.0,4103.0,4531.0,4417.0,9397.0,9705.0,1775.0,100.0,4.0,0.0,0.0,0.0,0.0,0.0,0.0,0.0,0.0,0.0,0.0,0.0,0.0,0.0,0.0,0.0,0.0,0.0,0.0,0.0,0.0,0.0
37.9748611111,322718.0,35575.0,9.07148278285,781.0,870.0,564.0,65532.0,1507.0,4000.0,4487.0,4526.0,9567.0,9704.0,1702.0,80.0,2.0,0.0,0.0,0.0,0.0,0.0,0.0,0.0,0.0,0.0,0.0,0.0,0.0,0.0,0.0,0.0,0.0,0.0,0.0,0.0,0.0,0.0
37.9790277778,321463.0,35503.0,9.05453060305,782.0,871.0,569.0,65532.0,1517.0,4031.0,4632.0,4534.0,9398.0,9538.0,1769.0,80.0,4.0,0.0,0.0,0.0,0.0,0.0,0.0,0.0,0.0,0.0,0.0,0.0,0.0,0.0,0.0,0.0,0.0,0.0,0.0,0.0,0.0,0.0
37.9831944444,323490.0,35589.0,9.08960633904,781.0,871.0,564.0,65535.0,1505.0,3946.0,4788.0,4590.0,9343.0,9494.0,1834.0,82.0,6.0,1.0,0.0,0.0,0.0,0.0,0.0,0.0,0.0,0.0,0.0,0.0,0.0,0.0,0.0,0.0,0.0,0.0,0.0,0.0,0.0,0.0
37.9873611111,329214.0,35605.0,9.24628563404,782.0,871.0,567.0,65528.0,1507.0,3858.0,4568.0,4547.0,9540.0,9539.0,1943.0,98.0,5.0,0.0,0.0,0.0,0.0,0.0,0.0,0.0,0.0,0.0,0.0,0.0,0.0,0.0,0.0,0.0,0.0,0.0,0.0,0.0,0.0,0.0
37.9915277778,334400.0,35612.0,9.390093227,782.0,871.0,567.0,65535.0,1415.0,3880.0,4472.0,4540.0,9465.0,9773.0,1925.0,132.0,10.0,0.0,0.0,0.0,0.0,0.0,0.0,0.0,0.0,0.0,0.0,0.0,0.0,0.0,0.0,0.0,0.0,0.0,0.0,0.0,0.0,0.0
37.9956944444,326748.0,35598.0,9.17883027136,781.0,871.0,569.0,65528.0,1503.0,3866.0,4551.0,4501.0,9554.0,9717.0,1824.0,78.0,4.0,0.0,0.0,0.0,0.0,0.0,0.0,0.0,0.0,0.0,0.0,0.0,0.0,0.0,0.0,0.0,0.0,0.0,0.0,0.0,0.0,0.0
37.9998611111,328546.0,35594.0,9.23037590605,782.0,871.0,568.0,65528.0,1442.0,3958.0,4574.0,4522.0,9489.0,9624.0,1868.0,114.0,3.0,0.0,0.0,0.0,0.0,0.0,0.0,0.0,0.0,0.0,0.0,0.0,0.0,0.0,0.0,0.0,0.0,0.0,0.0,0.0,0.0,0.0
38.0040277778,333178.0,35590.0,9.36156223658,782.0,871.0,566.0,65528.0,1442.0,3826.0,4454.0,4585.0,9491.0,9716.0,1952.0,119.0,5.0,0.0,0.0,0.0,0.0,0.0,0.0,0.0,0.0,0.0,0.0,0.0,0.0,0.0,0.0,0.0,0.0,0.0,0.0,0.0,0.0,0.0
38.0081944444,328713.0,35562.0,9.24337776278,782.0,872.0,567.0,65528.0,1457.0,3797.0,4564.0,4619.0,9514.0,9653.0,1844.0,107.0,7.0,0.0,0.0,0.0,0.0,0.0,0.0,0.0,0.0,0.0,0.0,0.0,0.0,0.0,0.0,0.0,0.0,0.0,0.0,0.0,0.0,0.0
38.0123611111,326653.0,35565.0,9.18467594545,781.0,871.0,568.0,65532.0,1414.0,3953.0,4458.0,4540.0,9695.0,9589.0,1826.0,83.0,7.0,0.0,0.0,0.0,0.0,0.0,0.0,0.0,0.0,0.0,0.0,0.0,0.0,0.0,0.0,0.0,0.0,0.0,0.0,0.0,0.0,0.0
38.0165277778,325478.0,35564.0,9.1518951749,782.0,871.0,568.0,65527.0,1468.0,3970.0,4448.0,4603.0,9571.0,9574.0,1850.0,78.0,2.0,0.0,0.0,0.0,0.0,0.0,0.0,0.0,0.0,0.0,0.0,0.0,0.0,0.0,0.0,0.0,0.0,0.0,0.0,0.0,0.0,0.0
38.0206944444,324891.0,35619.0,9.1212835846,782.0,871.0,561.0,65531.0,1590.0,4035.0,4490.0,4541.0,9626.0,9380.0,1840.0,113.0,4.0,0.0,0.0,0.0,0.0,0.0,0.0,0.0,0.0,0.0,0.0,0.0,0.0,0.0,0.0,0.0,0.0,0.0,0.0,0.0,0.0,0.0
38.0248611111,327028.0,35624.0,9.17999101729,782.0,867.0,566.0,65528.0,1432.0,3954.0,4523.0,4745.0,9505.0,9470.0,1891.0,99.0,5.0,0.0,0.0,0.0,0.0,0.0,0.0,0.0,0.0,0.0,0.0,0.0,0.0,0.0,0.0,0.0,0.0,0.0,0.0,0.0,0.0,0.0
38.0290277778,327034.0,35615.0,9.18247929243,782.0,871.0,563.0,65534.0,1491.0,3966.0,4588.0,4603.0,9473.0,9467.0,1928.0,96.0,3.0,0.0,0.0,0.0,0.0,0.0,0.0,0.0,0.0,0.0,0.0,0.0,0.0,0.0,0.0,0.0,0.0,0.0,0.0,0.0,0.0,0.0
38.0331944444,331224.0,35619.0,9.29908195064,782.0,867.0,564.0,65527.0,1517.0,3930.0,4355.0,4638.0,9544.0,9546.0,1973.0,110.0,6.0,0.0,0.0,0.0,0.0,0.0,0.0,0.0,0.0,0.0,0.0,0.0,0.0,0.0,0.0,0.0,0.0,0.0,0.0,0.0,0.0,0.0
38.0373611111,332060.0,35615.0,9.32359960691,782.0,871.0,569.0,65531.0,1453.0,3892.0,4382.0,4611.0,9564.0,9640.0,1964.0,103.0,6.0,0.0,0.0,0.0,0.0,0.0,0.0,0.0,0.0,0.0,0.0,0.0,0.0,0.0,0.0,0.0,0.0,0.0,0.0,0.0,0.0,0.0
38.0415277778,329619.0,35602.0,9.25844053705,781.0,867.0,568.0,65529.0,1515.0,3867.0,4438.0,4589.0,9691.0,9454.0,1927.0,116.0,5.0,0.0,0.0,0.0,0.0,0.0,0.0,0.0,0.0,0.0,0.0,0.0,0.0,0.0,0.0,0.0,0.0,0.0,0.0,0.0,0.0,0.0
38.0456944444,334759.0,35597.0,9.40413517993,782.0,867.0,567.0,65528.0,1504.0,3823.0,4408.0,4438.0,9642.0,9648.0,2005.0,122.0,7.0,0.0,0.0,0.0,0.0,0.0,0.0,0.0,0.0,0.0,0.0,0.0,0.0,0.0,0.0,0.0,0.0,0.0,0.0,0.0,0.0,0.0
38.0498611111,332376.0,35592.0,9.33850303439,782.0,871.0,566.0,65534.0,1487.0,3912.0,4406.0,4631.0,9413.0,9602.0,2036.0,100.0,5.0,0.0,0.0,0.0,0.0,0.0,0.0,0.0,0.0,0.0,0.0,0.0,0.0,0.0,0.0,0.0,0.0,0.0,0.0,0.0,0.0,0.0
38.0540277778,328706.0,35600.0,9.23331460674,781.0,871.0,572.0,65528.0,1556.0,3844.0,4325.0,4675.0,9563.0,9661.0,1876.0,100.0,0.0,0.0,0.0,0.0,0.0,0.0,0.0,0.0,0.0,0.0,0.0,0.0,0.0,0.0,0.0,0.0,0.0,0.0,0.0,0.0,0.0,0.0
38.0581944444,328747.0,35605.0,9.23316949867,782.0,867.0,569.0,65528.0,1536.0,3875.0,4296.0,4734.0,9692.0,9442.0,1916.0,112.0,2.0,0.0,0.0,0.0,0.0,0.0,0.0,0.0,0.0,0.0,0.0,0.0,0.0,0.0,0.0,0.0,0.0,0.0,0.0,0.0,0.0,0.0
38.0623611111,330793.0,35604.0,9.29089428154,782.0,867.0,567.0,65532.0,1506.0,3917.0,4386.0,4680.0,9479.0,9554.0,1967.0,109.0,6.0,0.0,0.0,0.0,0.0,0.0,0.0,0.0,0.0,0.0,0.0,0.0,0.0,0.0,0.0,0.0,0.0,0.0,0.0,0.0,0.0,0.0
38.0665277778,331331.0,35590.0,9.30966563641,782.0,871.0,566.0,65532.0,1486.0,3777.0,4407.0,4741.0,9442.0,9665.0,1979.0,88.0,5.0,0.0,0.0,0.0,0.0,0.0,0.0,0.0,0.0,0.0,0.0,0.0,0.0,0.0,0.0,0.0,0.0,0.0,0.0,0.0,0.0,0.0
38.0706944444,333701.0,35602.0,9.37309701702,776.0,871.0,568.0,65528.0,1475.0,3751.0,4389.0,4659.0,9767.0,9369.0,2072.0,112.0,8.0,0.0,0.0,0.0,0.0,0.0,0.0,0.0,0.0,0.0,0.0,0.0,0.0,0.0,0.0,0.0,0.0,0.0,0.0,0.0,0.0,0.0
38.0748611111,333908.0,35590.0,9.38207361618,781.0,867.0,567.0,65529.0,1484.0,3922.0,4363.0,4593.0,9509.0,9540.0,2052.0,121.0,6.0,0.0,0.0,0.0,0.0,0.0,0.0,0.0,0.0,0.0,0.0,0.0,0.0,0.0,0.0,0.0,0.0,0.0,0.0,0.0,0.0,0.0
38.0790277778,338891.0,35599.0,9.51967751903,781.0,872.0,568.0,65531.0,1405.0,3685.0,4307.0,4568.0,9724.0,9676.0,2110.0,120.0,4.0,0.0,0.0,0.0,0.0,0.0,0.0,0.0,0.0,0.0,0.0,0.0,0.0,0.0,0.0,0.0,0.0,0.0,0.0,0.0,0.0,0.0
38.0831944444,332083.0,35567.0,9.33682908314,781.0,873.0,567.0,65527.0,1420.0,3839.0,4462.0,4572.0,9589.0,9592.0,1980.0,109.0,4.0,0.0,0.0,0.0,0.0,0.0,0.0,0.0,0.0,0.0,0.0,0.0,0.0,0.0,0.0,0.0,0.0,0.0,0.0,0.0,0.0,0.0
38.0873611111,334230.0,35587.0,9.39191277714,781.0,871.0,568.0,65534.0,1397.0,3694.0,4352.0,4842.0,9648.0,9480.0,2056.0,114.0,4.0,0.0,0.0,0.0,0.0,0.0,0.0,0.0,0.0,0.0,0.0,0.0,0.0,0.0,0.0,0.0,0.0,0.0,0.0,0.0,0.0,0.0
38.0915277778,336875.0,35585.0,9.46676970634,781.0,872.0,567.0,65531.0,1366.0,3775.0,4252.0,4739.0,9651.0,9585.0,2096.0,117.0,4.0,0.0,0.0,0.0,0.0,0.0,0.0,0.0,0.0,0.0,0.0,0.0,0.0,0.0,0.0,0.0,0.0,0.0,0.0,0.0,0.0,0.0
38.0956944444,337043.0,35577.0,9.47362059758,781.0,867.0,563.0,65529.0,1386.0,3779.0,4376.0,4634.0,9627.0,9518.0,2130.0,121.0,6.0,0.0,0.0,0.0,0.0,0.0,0.0,0.0,0.0,0.0,0.0,0.0,0.0,0.0,0.0,0.0,0.0,0.0,0.0,0.0,0.0,0.0
38.0998611111,337918.0,35583.0,9.49661355142,782.0,872.0,568.0,65534.0,1496.0,3846.0,4338.0,4531.0,9459.0,9643.0,2132.0,134.0,4.0,0.0,0.0,0.0,0.0,0.0,0.0,0.0,0.0,0.0,0.0,0.0,0.0,0.0,0.0,0.0,0.0,0.0,0.0,0.0,0.0,0.0
38.1040277778,335133.0,35572.0,9.42125829304,779.0,871.0,568.0,65528.0,1372.0,3927.0,4321.0,4675.0,9641.0,9421.0,2071.0,136.0,8.0,0.0,0.0,0.0,0.0,0.0,0.0,0.0,0.0,0.0,0.0,0.0,0.0,0.0,0.0,0.0,0.0,0.0,0.0,0.0,0.0,0.0
38.1081944444,333776.0,35568.0,9.38416554206,776.0,872.0,566.0,65528.0,1440.0,3864.0,4302.0,4677.0,9539.0,9617.0,2007.0,116.0,6.0,0.0,0.0,0.0,0.0,0.0,0.0,0.0,0.0,0.0,0.0,0.0,0.0,0.0,0.0,0.0,0.0,0.0,0.0,0.0,0.0,0.0
38.1123611111,336945.0,35585.0,9.46873682731,776.0,871.0,568.0,65532.0,1467.0,3867.0,4219.0,4668.0,9598.0,9508.0,2124.0,128.0,5.0,1.0,0.0,0.0,0.0,0.0,0.0,0.0,0.0,0.0,0.0,0.0,0.0,0.0,0.0,0.0,0.0,0.0,0.0,0.0,0.0,0.0
38.1165277778,338000.0,35594.0,9.49598246896,781.0,871.0,568.0,65529.0,1497.0,3684.0,4240.0,4725.0,9627.0,9576.0,2103.0,137.0,5.0,0.0,0.0,0.0,0.0,0.0,0.0,0.0,0.0,0.0,0.0,0.0,0.0,0.0,0.0,0.0,0.0,0.0,0.0,0.0,0.0,0.0
38.1206944444,335578.0,35598.0,9.42687791449,779.0,867.0,568.0,65532.0,1466.0,4054.0,4110.0,4654.0,9598.0,9522.0,2043.0,143.0,8.0,0.0,0.0,0.0,0.0,0.0,0.0,0.0,0.0,0.0,0.0,0.0,0.0,0.0,0.0,0.0,0.0,0.0,0.0,0.0,0.0,0.0
38.1248611111,333551.0,35561.0,9.37968561064,781.0,868.0,568.0,65528.0,1487.0,3785.0,4195.0,4764.0,9776.0,9355.0,2086.0,106.0,7.0,0.0,0.0,0.0,0.0,0.0,0.0,0.0,0.0,0.0,0.0,0.0,0.0,0.0,0.0,0.0,0.0,0.0,0.0,0.0,0.0,0.0
38.1290277778,338311.0,35565.0,9.51247012512,776.0,868.0,569.0,65532.0,1402.0,3775.0,4238.0,4565.0,9645.0,9693.0,2141.0,102.0,4.0,0.0,0.0,0.0,0.0,0.0,0.0,0.0,0.0,0.0,0.0,0.0,0.0,0.0,0.0,0.0,0.0,0.0,0.0,0.0,0.0,0.0
38.1331944444,334504.0,35559.0,9.40701369555,773.0,865.0,568.0,65528.0,1500.0,3836.0,4274.0,4652.0,9549.0,9521.0,2125.0,98.0,4.0,0.0,0.0,0.0,0.0,0.0,0.0,0.0,0.0,0.0,0.0,0.0,0.0,0.0,0.0,0.0,0.0,0.0,0.0,0.0,0.0,0.0
38.1373611111,335023.0,35560.0,9.42134420697,776.0,871.0,566.0,65532.0,1475.0,3771.0,4286.0,4630.0,9624.0,9598.0,2062.0,109.0,5.0,0.0,0.0,0.0,0.0,0.0,0.0,0.0,0.0,0.0,0.0,0.0,0.0,0.0,0.0,0.0,0.0,0.0,0.0,0.0,0.0,0.0
38.1415277778,332660.0,35574.0,9.351211559,781.0,870.0,571.0,65532.0,1585.0,3818.0,4295.0,4677.0,9591.0,9437.0,2051.0,112.0,8.0,0.0,0.0,0.0,0.0,0.0,0.0,0.0,0.0,0.0,0.0,0.0,0.0,0.0,0.0,0.0,0.0,0.0,0.0,0.0,0.0,0.0
38.1456944444,334946.0,35574.0,9.41547197391,779.0,865.0,568.0,65532.0,1479.0,3900.0,4229.0,4663.0,9634.0,9431.0,2110.0,124.0,4.0,0.0,0.0,0.0,0.0,0.0,0.0,0.0,0.0,0.0,0.0,0.0,0.0,0.0,0.0,0.0,0.0,0.0,0.0,0.0,0.0,0.0
38.1498611111,338528.0,35572.0,9.51669852693,781.0,871.0,568.0,65534.0,1418.0,3800.0,4176.0,4692.0,9623.0,9532.0,2225.0,104.0,2.0,0.0,0.0,0.0,0.0,0.0,0.0,0.0,0.0,0.0,0.0,0.0,0.0,0.0,0.0,0.0,0.0,0.0,0.0,0.0,0.0,0.0
38.1540277778,340707.0,35578.0,9.57633931081,779.0,864.0,568.0,65526.0,1450.0,3785.0,4087.0,4505.0,9825.0,9628.0,2168.0,124.0,6.0,0.0,0.0,0.0,0.0,0.0,0.0,0.0,0.0,0.0,0.0,0.0,0.0,0.0,0.0,0.0,0.0,0.0,0.0,0.0,0.0,0.0
38.1581944444,336488.0,35580.0,9.45722315908,778.0,870.0,568.0,65529.0,1484.0,3870.0,4087.0,4625.0,9655.0,9670.0,2074.0,111.0,4.0,0.0,0.0,0.0,0.0,0.0,0.0,0.0,0.0,0.0,0.0,0.0,0.0,0.0,0.0,0.0,0.0,0.0,0.0,0.0,0.0,0.0
38.1623611111,338778.0,35569.0,9.52452978717,781.0,871.0,563.0,65532.0,1457.0,3788.0,4053.0,4597.0,9946.0,9446.0,2153.0,121.0,7.0,1.0,0.0,0.0,0.0,0.0,0.0,0.0,0.0,0.0,0.0,0.0,0.0,0.0,0.0,0.0,0.0,0.0,0.0,0.0,0.0,0.0
38.1665277778,340747.0,35573.0,9.57880977146,776.0,871.0,568.0,65527.0,1458.0,3777.0,4051.0,4595.0,9659.0,9762.0,2143.0,124.0,4.0,0.0,0.0,0.0,0.0,0.0,0.0,0.0,0.0,0.0,0.0,0.0,0.0,0.0,0.0,0.0,0.0,0.0,0.0,0.0,0.0,0.0
38.1706944444,335185.0,35573.0,9.4224552329,776.0,870.0,572.0,65523.0,1466.0,3759.0,4215.0,4609.0,9842.0,9476.0,2093.0,113.0,0.0,0.0,0.0,0.0,0.0,0.0,0.0,0.0,0.0,0.0,0.0,0.0,0.0,0.0,0.0,0.0,0.0,0.0,0.0,0.0,0.0,0.0
38.1748611111,338054.0,35562.0,9.5060457792,776.0,871.0,567.0,65529.0,1578.0,3698.0,4024.0,4741.0,9762.0,9456.0,2182.0,115.0,6.0,0.0,0.0,0.0,0.0,0.0,0.0,0.0,0.0,0.0,0.0,0.0,0.0,0.0,0.0,0.0,0.0,0.0,0.0,0.0,0.0,0.0
38.1790277778,336425.0,35573.0,9.45731313075,776.0,867.0,563.0,65528.0,1437.0,3801.0,4142.0,4697.0,9758.0,9518.0,2092.0,127.0,1.0,0.0,0.0,0.0,0.0,0.0,0.0,0.0,0.0,0.0,0.0,0.0,0.0,0.0,0.0,0.0,0.0,0.0,0.0,0.0,0.0,0.0
38.1831944444,340204.0,35573.0,9.56354538555,776.0,871.0,571.0,65528.0,1502.0,3642.0,4087.0,4631.0,9795.0,9623.0,2175.0,112.0,6.0,0.0,0.0,0.0,0.0,0.0,0.0,0.0,0.0,0.0,0.0,0.0,0.0,0.0,0.0,0.0,0.0,0.0,0.0,0.0,0.0,0.0
38.1873611111,344143.0,35568.0,9.67563540261,776.0,871.0,568.0,65527.0,1404.0,3669.0,3947.0,4665.0,9804.0,9756.0,2183.0,131.0,9.0,0.0,0.0,0.0,0.0,0.0,0.0,0.0,0.0,0.0,0.0,0.0,0.0,0.0,0.0,0.0,0.0,0.0,0.0,0.0,0.0,0.0
38.1915277778,346864.0,35561.0,9.75405641011,776.0,871.0,568.0,65532.0,1456.0,3616.0,4012.0,4586.0,9624.0,9801.0,2342.0,121.0,3.0,0.0,0.0,0.0,0.0,0.0,0.0,0.0,0.0,0.0,0.0,0.0,0.0,0.0,0.0,0.0,0.0,0.0,0.0,0.0,0.0,0.0
38.1956944444,347515.0,35573.0,9.76906642678,776.0,871.0,569.0,65528.0,1422.0,3467.0,3954.0,4727.0,9770.0,9804.0,2307.0,113.0,9.0,0.0,0.0,0.0,0.0,0.0,0.0,0.0,0.0,0.0,0.0,0.0,0.0,0.0,0.0,0.0,0.0,0.0,0.0,0.0,0.0,0.0
38.1998611111,343447.0,35560.0,9.65823959505,776.0,868.0,568.0,65532.0,1475.0,3631.0,3806.0,4751.0,9752.0,9865.0,2153.0,122.0,5.0,0.0,0.0,0.0,0.0,0.0,0.0,0.0,0.0,0.0,0.0,0.0,0.0,0.0,0.0,0.0,0.0,0.0,0.0,0.0,0.0,0.0
38.2040277778,344431.0,35557.0,9.68672835166,776.0,868.0,567.0,65531.0,1363.0,3705.0,3877.0,4697.0,9725.0,9862.0,2204.0,122.0,2.0,0.0,0.0,0.0,0.0,0.0,0.0,0.0,0.0,0.0,0.0,0.0,0.0,0.0,0.0,0.0,0.0,0.0,0.0,0.0,0.0,0.0
38.2081944444,350418.0,35560.0,9.85427446569,773.0,870.0,567.0,65528.0,1430.0,3548.0,3795.0,4608.0,9784.0,9925.0,2334.0,130.0,6.0,0.0,0.0,0.0,0.0,0.0,0.0,0.0,0.0,0.0,0.0,0.0,0.0,0.0,0.0,0.0,0.0,0.0,0.0,0.0,0.0,0.0
38.2123611111,343198.0,35552.0,9.65340909091,776.0,870.0,567.0,65532.0,1402.0,3634.0,3992.0,4643.0,9866.0,9648.0,2257.0,103.0,7.0,0.0,0.0,0.0,0.0,0.0,0.0,0.0,0.0,0.0,0.0,0.0,0.0,0.0,0.0,0.0,0.0,0.0,0.0,0.0,0.0,0.0
38.2165277778,346071.0,35554.0,9.73367272318,781.0,871.0,567.0,65532.0,1418.0,3525.0,3835.0,4693.0,9981.0,9678.0,2308.0,114.0,2.0,0.0,0.0,0.0,0.0,0.0,0.0,0.0,0.0,0.0,0.0,0.0,0.0,0.0,0.0,0.0,0.0,0.0,0.0,0.0,0.0,0.0
38.2206944444,345868.0,35547.0,9.72987875207,776.0,872.0,566.0,65531.0,1456.0,3604.0,3812.0,4668.0,9814.0,9799.0,2275.0,115.0,4.0,0.0,0.0,0.0,0.0,0.0,0.0,0.0,0.0,0.0,0.0,0.0,0.0,0.0,0.0,0.0,0.0,0.0,0.0,0.0,0.0,0.0
38.2248611111,343143.0,35547.0,9.65321968099,775.0,867.0,568.0,65528.0,1452.0,3505.0,3973.0,4657.0,9975.0,9613.0,2267.0,102.0,3.0,0.0,0.0,0.0,0.0,0.0,0.0,0.0,0.0,0.0,0.0,0.0,0.0,0.0,0.0,0.0,0.0,0.0,0.0,0.0,0.0,0.0
38.2290277778,343529.0,35546.0,9.66435041918,776.0,871.0,567.0,65534.0,1402.0,3601.0,3974.0,4749.0,9757.0,9739.0,2184.0,136.0,4.0,0.0,0.0,0.0,0.0,0.0,0.0,0.0,0.0,0.0,0.0,0.0,0.0,0.0,0.0,0.0,0.0,0.0,0.0,0.0,0.0,0.0
38.2331944444,345931.0,35558.0,9.72864053096,776.0,871.0,566.0,65531.0,1411.0,3635.0,3888.0,4588.0,9861.0,9774.0,2286.0,109.0,6.0,0.0,0.0,0.0,0.0,0.0,0.0,0.0,0.0,0.0,0.0,0.0,0.0,0.0,0.0,0.0,0.0,0.0,0.0,0.0,0.0,0.0
38.2373611111,341128.0,35548.0,9.59626420614,776.0,868.0,567.0,65534.0,1477.0,3642.0,3947.0,4698.0,9864.0,9649.0,2138.0,124.0,9.0,0.0,0.0,0.0,0.0,0.0,0.0,0.0,0.0,0.0,0.0,0.0,0.0,0.0,0.0,0.0,0.0,0.0,0.0,0.0,0.0,0.0
38.2415277778,345216.0,35546.0,9.71181004895,776.0,870.0,566.0,65528.0,1393.0,3494.0,3871.0,4721.0,10031.0,9634.0,2292.0,105.0,5.0,0.0,0.0,0.0,0.0,0.0,0.0,0.0,0.0,0.0,0.0,0.0,0.0,0.0,0.0,0.0,0.0,0.0,0.0,0.0,0.0,0.0
38.2456944444,348518.0,35558.0,9.8013949041,776.0,868.0,567.0,65529.0,1429.0,3598.0,3800.0,4684.0,9773.0,9815.0,2325.0,130.0,3.0,1.0,0.0,0.0,0.0,0.0,0.0,0.0,0.0,0.0,0.0,0.0,0.0,0.0,0.0,0.0,0.0,0.0,0.0,0.0,0.0,0.0
38.2498611111,343526.0,35548.0,9.66372229099,776.0,867.0,568.0,65528.0,1419.0,3530.0,3826.0,4754.0,10022.0,9674.0,2203.0,117.0,3.0,0.0,0.0,0.0,0.0,0.0,0.0,0.0,0.0,0.0,0.0,0.0,0.0,0.0,0.0,0.0,0.0,0.0,0.0,0.0,0.0,0.0
38.2540277778,347109.0,35570.0,9.75847624403,771.0,871.0,568.0,65528.0,1440.0,3573.0,3874.0,4551.0,9920.0,9811.0,2277.0,119.0,4.0,1.0,0.0,0.0,0.0,0.0,0.0,0.0,0.0,0.0,0.0,0.0,0.0,0.0,0.0,0.0,0.0,0.0,0.0,0.0,0.0,0.0
38.2581944444,344636.0,35568.0,9.68949617634,771.0,870.0,568.0,65528.0,1437.0,3582.0,3791.0,4708.0,9908.0,9829.0,2195.0,113.0,5.0,0.0,0.0,0.0,0.0,0.0,0.0,0.0,0.0,0.0,0.0,0.0,0.0,0.0,0.0,0.0,0.0,0.0,0.0,0.0,0.0,0.0
38.2623611111,345274.0,35565.0,9.70825249543,773.0,870.0,567.0,65535.0,1395.0,3674.0,3796.0,4698.0,9882.0,9748.0,2246.0,122.0,4.0,0.0,0.0,0.0,0.0,0.0,0.0,0.0,0.0,0.0,0.0,0.0,0.0,0.0,0.0,0.0,0.0,0.0,0.0,0.0,0.0,0.0
38.2665277778,349870.0,35563.0,9.83803391165,773.0,870.0,568.0,65527.0,1449.0,3506.0,3648.0,4689.0,9895.0,9950.0,2307.0,113.0,5.0,1.0,0.0,0.0,0.0,0.0,0.0,0.0,0.0,0.0,0.0,0.0,0.0,0.0,0.0,0.0,0.0,0.0,0.0,0.0,0.0,0.0
38.2706944444,354457.0,35538.0,9.97402780123,771.0,871.0,568.0,65532.0,1383.0,3497.0,3558.0,4555.0,9989.0,10045.0,2374.0,133.0,4.0,0.0,0.0,0.0,0.0,0.0,0.0,0.0,0.0,0.0,0.0,0.0,0.0,0.0,0.0,0.0,0.0,0.0,0.0,0.0,0.0,0.0
38.2748611111,351131.0,35545.0,9.87849205233,773.0,868.0,566.0,65529.0,1376.0,3503.0,3680.0,4523.0,10052.0,9994.0,2286.0,126.0,5.0,0.0,0.0,0.0,0.0,0.0,0.0,0.0,0.0,0.0,0.0,0.0,0.0,0.0,0.0,0.0,0.0,0.0,0.0,0.0,0.0,0.0
38.2790277778,352024.0,35557.0,9.90027280142,776.0,872.0,566.0,65527.0,1409.0,3452.0,3664.0,4589.0,9941.0,10022.0,2376.0,101.0,2.0,1.0,0.0,0.0,0.0,0.0,0.0,0.0,0.0,0.0,0.0,0.0,0.0,0.0,0.0,0.0,0.0,0.0,0.0,0.0,0.0,0.0
38.2831944444,354329.0,35542.0,9.96930392212,771.0,867.0,566.0,65532.0,1301.0,3391.0,3485.0,4724.0,10206.0,9912.0,2399.0,122.0,2.0,0.0,0.0,0.0,0.0,0.0,0.0,0.0,0.0,0.0,0.0,0.0,0.0,0.0,0.0,0.0,0.0,0.0,0.0,0.0,0.0,0.0
38.2873611111,355579.0,35540.0,10.0050365785,771.0,871.0,568.0,65532.0,1311.0,3355.0,3626.0,4587.0,10152.0,9992.0,2377.0,132.0,8.0,0.0,0.0,0.0,0.0,0.0,0.0,0.0,0.0,0.0,0.0,0.0,0.0,0.0,0.0,0.0,0.0,0.0,0.0,0.0,0.0,0.0
38.2915277778,356252.0,35549.0,10.0214352021,771.0,871.0,567.0,65531.0,1403.0,3482.0,3379.0,4645.0,10085.0,10004.0,2403.0,143.0,5.0,0.0,0.0,0.0,0.0,0.0,0.0,0.0,0.0,0.0,0.0,0.0,0.0,0.0,0.0,0.0,0.0,0.0,0.0,0.0,0.0,0.0
38.2956944444,355373.0,35531.0,10.0017730995,771.0,871.0,568.0,65529.0,1296.0,3401.0,3596.0,4539.0,10108.0,10098.0,2365.0,123.0,5.0,0.0,0.0,0.0,0.0,0.0,0.0,0.0,0.0,0.0,0.0,0.0,0.0,0.0,0.0,0.0,0.0,0.0,0.0,0.0,0.0,0.0
38.2998611111,354021.0,35538.0,9.96175924363,771.0,867.0,569.0,65531.0,1326.0,3419.0,3501.0,4682.0,10003.0,10109.0,2403.0,93.0,2.0,0.0,0.0,0.0,0.0,0.0,0.0,0.0,0.0,0.0,0.0,0.0,0.0,0.0,0.0,0.0,0.0,0.0,0.0,0.0,0.0,0.0
38.3040277778,356200.0,35536.0,10.0236380009,773.0,867.0,566.0,65532.0,1367.0,3296.0,3452.0,4608.0,10124.0,10221.0,2347.0,118.0,3.0,0.0,0.0,0.0,0.0,0.0,0.0,0.0,0.0,0.0,0.0,0.0,0.0,0.0,0.0,0.0,0.0,0.0,0.0,0.0,0.0,0.0
38.3081944444,351756.0,35527.0,9.90108931235,771.0,871.0,571.0,65524.0,1363.0,3276.0,3604.0,4708.0,10091.0,10131.0,2232.0,118.0,3.0,1.0,0.0,0.0,0.0,0.0,0.0,0.0,0.0,0.0,0.0,0.0,0.0,0.0,0.0,0.0,0.0,0.0,0.0,0.0,0.0,0.0
38.3123611111,354501.0,35541.0,9.97442390479,770.0,872.0,567.0,65532.0,1327.0,3333.0,3574.0,4575.0,10283.0,9956.0,2370.0,116.0,7.0,0.0,0.0,0.0,0.0,0.0,0.0,0.0,0.0,0.0,0.0,0.0,0.0,0.0,0.0,0.0,0.0,0.0,0.0,0.0,0.0,0.0
38.3165277778,360072.0,35533.0,10.1334534095,771.0,870.0,564.0,65528.0,1279.0,3238.0,3479.0,4639.0,10155.0,10178.0,2420.0,137.0,8.0,0.0,0.0,0.0,0.0,0.0,0.0,0.0,0.0,0.0,0.0,0.0,0.0,0.0,0.0,0.0,0.0,0.0,0.0,0.0,0.0,0.0
38.3206944444,358549.0,35534.0,10.0903078741,771.0,871.0,568.0,65531.0,1304.0,3325.0,3388.0,4672.0,10248.0,10020.0,2433.0,138.0,6.0,0.0,0.0,0.0,0.0,0.0,0.0,0.0,0.0,0.0,0.0,0.0,0.0,0.0,0.0,0.0,0.0,0.0,0.0,0.0,0.0,0.0
38.3248611111,356640.0,35536.0,10.0360198109,771.0,870.0,568.0,65532.0,1318.0,3230.0,3475.0,4677.0,10191.0,10169.0,2346.0,128.0,2.0,0.0,0.0,0.0,0.0,0.0,0.0,0.0,0.0,0.0,0.0,0.0,0.0,0.0,0.0,0.0,0.0,0.0,0.0,0.0,0.0,0.0
38.3290277778,363397.0,35531.0,10.2276040641,770.0,871.0,568.0,65535.0,1267.0,3177.0,3444.0,4591.0,10267.0,10094.0,2534.0,154.0,3.0,0.0,0.0,0.0,0.0,0.0,0.0,0.0,0.0,0.0,0.0,0.0,0.0,0.0,0.0,0.0,0.0,0.0,0.0,0.0,0.0,0.0
38.3331944444,362160.0,35538.0,10.1907816985,770.0,872.0,563.0,65534.0,1329.0,3204.0,3372.0,4643.0,10133.0,10194.0,2536.0,124.0,3.0,0.0,0.0,0.0,0.0,0.0,0.0,0.0,0.0,0.0,0.0,0.0,0.0,0.0,0.0,0.0,0.0,0.0,0.0,0.0,0.0,0.0
38.3373611111,360179.0,35525.0,10.138747361,770.0,871.0,568.0,65531.0,1252.0,3135.0,3362.0,4728.0,10222.0,10304.0,2403.0,115.0,4.0,0.0,0.0,0.0,0.0,0.0,0.0,0.0,0.0,0.0,0.0,0.0,0.0,0.0,0.0,0.0,0.0,0.0,0.0,0.0,0.0,0.0
38.3415277778,366027.0,35513.0,10.3068453806,770.0,876.0,568.0,65532.0,1203.0,3109.0,3195.0,4748.0,10294.0,10307.0,2513.0,134.0,10.0,0.0,0.0,0.0,0.0,0.0,0.0,0.0,0.0,0.0,0.0,0.0,0.0,0.0,0.0,0.0,0.0,0.0,0.0,0.0,0.0,0.0
38.3456944444,364845.0,35527.0,10.2695133279,770.0,876.0,563.0,65528.0,1254.0,3103.0,3177.0,4599.0,10518.0,10247.0,2488.0,137.0,4.0,0.0,0.0,0.0,0.0,0.0,0.0,0.0,0.0,0.0,0.0,0.0,0.0,0.0,0.0,0.0,0.0,0.0,0.0,0.0,0.0,0.0
38.3498611111,363391.0,35524.0,10.2294505123,770.0,871.0,568.0,65526.0,1329.0,3105.0,3275.0,4652.0,10213.0,10325.0,2509.0,108.0,8.0,0.0,0.0,0.0,0.0,0.0,0.0,0.0,0.0,0.0,0.0,0.0,0.0,0.0,0.0,0.0,0.0,0.0,0.0,0.0,0.0,0.0
38.3540277778,363032.0,35527.0,10.2184817181,770.0,871.0,568.0,65527.0,1321.0,3156.0,3254.0,4736.0,10327.0,10044.0,2539.0,146.0,4.0,0.0,0.0,0.0,0.0,0.0,0.0,0.0,0.0,0.0,0.0,0.0,0.0,0.0,0.0,0.0,0.0,0.0,0.0,0.0,0.0,0.0
38.3581944444,363009.0,35530.0,10.2169715733,770.0,871.0,568.0,65528.0,1243.0,3201.0,3220.0,4658.0,10442.0,10130.0,2495.0,137.0,4.0,0.0,0.0,0.0,0.0,0.0,0.0,0.0,0.0,0.0,0.0,0.0,0.0,0.0,0.0,0.0,0.0,0.0,0.0,0.0,0.0,0.0
38.3623611111,361411.0,35533.0,10.1711366898,770.0,871.0,574.0,65526.0,1290.0,3173.0,3247.0,4776.0,10280.0,10208.0,2415.0,135.0,9.0,0.0,0.0,0.0,0.0,0.0,0.0,0.0,0.0,0.0,0.0,0.0,0.0,0.0,0.0,0.0,0.0,0.0,0.0,0.0,0.0,0.0
38.3665277778,363022.0,35528.0,10.2179126323,770.0,867.0,572.0,65532.0,1335.0,3094.0,3254.0,4667.0,10368.0,10152.0,2539.0,111.0,8.0,0.0,0.0,0.0,0.0,0.0,0.0,0.0,0.0,0.0,0.0,0.0,0.0,0.0,0.0,0.0,0.0,0.0,0.0,0.0,0.0,0.0
38.3706944444,364456.0,35527.0,10.2585639091,770.0,873.0,572.0,65532.0,1302.0,3130.0,3141.0,4685.0,10370.0,10260.0,2503.0,130.0,6.0,0.0,0.0,0.0,0.0,0.0,0.0,0.0,0.0,0.0,0.0,0.0,0.0,0.0,0.0,0.0,0.0,0.0,0.0,0.0,0.0,0.0
38.3748611111,361372.0,35523.0,10.1729020635,765.0,871.0,572.0,65528.0,1303.0,3166.0,3073.0,4763.0,10512.0,10179.0,2375.0,149.0,2.0,1.0,0.0,0.0,0.0,0.0,0.0,0.0,0.0,0.0,0.0,0.0,0.0,0.0,0.0,0.0,0.0,0.0,0.0,0.0,0.0,0.0
38.3790277778,360903.0,35521.0,10.1602713888,770.0,868.0,568.0,65532.0,1296.0,3131.0,3174.0,4862.0,10447.0,9961.0,2520.0,129.0,1.0,0.0,0.0,0.0,0.0,0.0,0.0,0.0,0.0,0.0,0.0,0.0,0.0,0.0,0.0,0.0,0.0,0.0,0.0,0.0,0.0,0.0
38.3831944444,365870.0,35511.0,10.3030047028,770.0,870.0,569.0,7.0,1272.0,3104.0,3137.0,4643.0,10472.0,10232.0,2500.0,139.0,12.0,0.0,0.0,0.0,0.0,0.0,0.0,0.0,0.0,0.0,0.0,0.0,0.0,0.0,0.0,0.0,0.0,0.0,0.0,0.0,0.0,0.0
38.3873611111,363745.0,35516.0,10.2417220408,770.0,873.0,563.0,65531.0,1287.0,3049.0,3304.0,4738.0,10466.0,9993.0,2508.0,166.0,5.0,0.0,0.0,0.0,0.0,0.0,0.0,0.0,0.0,0.0,0.0,0.0,0.0,0.0,0.0,0.0,0.0,0.0,0.0,0.0,0.0,0.0
38.3915277778,361978.0,35524.0,10.1896745862,770.0,871.0,568.0,65529.0,1304.0,3244.0,3127.0,4800.0,10416.0,9952.0,2535.0,142.0,4.0,0.0,0.0,0.0,0.0,0.0,0.0,0.0,0.0,0.0,0.0,0.0,0.0,0.0,0.0,0.0,0.0,0.0,0.0,0.0,0.0,0.0
38.3956944444,356136.0,35523.0,10.0255046027,770.0,871.0,566.0,65530.0,1321.0,3208.0,3318.0,4835.0,10401.0,9924.0,2379.0,136.0,1.0,0.0,0.0,0.0,0.0,0.0,0.0,0.0,0.0,0.0,0.0,0.0,0.0,0.0,0.0,0.0,0.0,0.0,0.0,0.0,0.0,0.0
38.3998611111,363103.0,35524.0,10.2213433172,768.0,867.0,572.0,65531.0,1269.0,3113.0,2993.0,4857.0,10654.0,9982.0,2527.0,121.0,8.0,0.0,0.0,0.0,0.0,0.0,0.0,0.0,0.0,0.0,0.0,0.0,0.0,0.0,0.0,0.0,0.0,0.0,0.0,0.0,0.0,0.0
38.4040277778,364424.0,35532.0,10.2562197456,768.0,865.0,567.0,65529.0,1356.0,3140.0,3082.0,4800.0,10466.0,9926.0,2618.0,138.0,6.0,0.0,0.0,0.0,0.0,0.0,0.0,0.0,0.0,0.0,0.0,0.0,0.0,0.0,0.0,0.0,0.0,0.0,0.0,0.0,0.0,0.0
38.4081944444,362616.0,35521.0,10.2084963824,768.0,871.0,568.0,65528.0,1328.0,3138.0,3135.0,4680.0,10595.0,9984.0,2520.0,136.0,5.0,0.0,0.0,0.0,0.0,0.0,0.0,0.0,0.0,0.0,0.0,0.0,0.0,0.0,0.0,0.0,0.0,0.0,0.0,0.0,0.0,0.0
38.4123611111,362813.0,35518.0,10.2149051185,770.0,867.0,564.0,65534.0,1275.0,3169.0,3086.0,4804.0,10524.0,9995.0,2523.0,137.0,5.0,0.0,0.0,0.0,0.0,0.0,0.0,0.0,0.0,0.0,0.0,0.0,0.0,0.0,0.0,0.0,0.0,0.0,0.0,0.0,0.0,0.0
38.4165277778,366174.0,35511.0,10.3115654304,767.0,868.0,566.0,65534.0,1233.0,3056.0,2959.0,4884.0,10580.0,10056.0,2617.0,121.0,5.0,0.0,0.0,0.0,0.0,0.0,0.0,0.0,0.0,0.0,0.0,0.0,0.0,0.0,0.0,0.0,0.0,0.0,0.0,0.0,0.0,0.0
38.4206944444,362364.0,35514.0,10.2034127386,768.0,868.0,568.0,65529.0,1314.0,3214.0,2947.0,5004.0,10475.0,9868.0,2535.0,153.0,3.0,1.0,0.0,0.0,0.0,0.0,0.0,0.0,0.0,0.0,0.0,0.0,0.0,0.0,0.0,0.0,0.0,0.0,0.0,0.0,0.0,0.0
38.4248611111,363415.0,35508.0,10.2347358342,768.0,870.0,568.0,65529.0,1304.0,3083.0,2936.0,4787.0,10708.0,10063.0,2494.0,128.0,5.0,0.0,0.0,0.0,0.0,0.0,0.0,0.0,0.0,0.0,0.0,0.0,0.0,0.0,0.0,0.0,0.0,0.0,0.0,0.0,0.0,0.0
38.4290277778,366511.0,35510.0,10.3213460997,770.0,871.0,564.0,65531.0,1309.0,3161.0,2895.0,4850.0,10468.0,10109.0,2546.0,169.0,3.0,0.0,0.0,0.0,0.0,0.0,0.0,0.0,0.0,0.0,0.0,0.0,0.0,0.0,0.0,0.0,0.0,0.0,0.0,0.0,0.0,0.0
38.4331944444,363329.0,35510.0,10.2317375387,768.0,867.0,569.0,65532.0,1248.0,3073.0,2988.0,4938.0,10634.0,10011.0,2456.0,157.0,5.0,0.0,0.0,0.0,0.0,0.0,0.0,0.0,0.0,0.0,0.0,0.0,0.0,0.0,0.0,0.0,0.0,0.0,0.0,0.0,0.0,0.0
38.4373611111,365466.0,35499.0,10.2951069044,768.0,872.0,568.0,65528.0,1316.0,3046.0,2908.0,4839.0,10684.0,10024.0,2520.0,156.0,6.0,0.0,0.0,0.0,0.0,0.0,0.0,0.0,0.0,0.0,0.0,0.0,0.0,0.0,0.0,0.0,0.0,0.0,0.0,0.0,0.0,0.0
38.4415277778,368610.0,35508.0,10.3810408922,768.0,872.0,568.0,65532.0,1232.0,3046.0,2936.0,4797.0,10699.0,10042.0,2579.0,171.0,6.0,0.0,0.0,0.0,0.0,0.0,0.0,0.0,0.0,0.0,0.0,0.0,0.0,0.0,0.0,0.0,0.0,0.0,0.0,0.0,0.0,0.0
38.4456944444,365747.0,35504.0,10.3015716539,767.0,871.0,567.0,65535.0,1277.0,2981.0,2921.0,5157.0,10607.0,9795.0,2592.0,164.0,10.0,0.0,0.0,0.0,0.0,0.0,0.0,0.0,0.0,0.0,0.0,0.0,0.0,0.0,0.0,0.0,0.0,0.0,0.0,0.0,0.0,0.0
38.4498611111,366930.0,35503.0,10.3351829423,768.0,870.0,567.0,65532.0,1210.0,3008.0,2855.0,5133.0,10626.0,9908.0,2604.0,153.0,4.0,2.0,0.0,0.0,0.0,0.0,0.0,0.0,0.0,0.0,0.0,0.0,0.0,0.0,0.0,0.0,0.0,0.0,0.0,0.0,0.0,0.0
38.4540277778,361524.0,35508.0,10.1814802298,765.0,868.0,568.0,65535.0,1257.0,3068.0,2934.0,5109.0,10705.0,9763.0,2528.0,141.0,3.0,0.0,0.0,0.0,0.0,0.0,0.0,0.0,0.0,0.0,0.0,0.0,0.0,0.0,0.0,0.0,0.0,0.0,0.0,0.0,0.0,0.0
38.4581944444,363563.0,35507.0,10.2391922719,767.0,870.0,567.0,65529.0,1265.0,3075.0,2918.0,4985.0,10807.0,9708.0,2604.0,140.0,5.0,0.0,0.0,0.0,0.0,0.0,0.0,0.0,0.0,0.0,0.0,0.0,0.0,0.0,0.0,0.0,0.0,0.0,0.0,0.0,0.0,0.0
38.4623611111,361136.0,35498.0,10.1734182207,770.0,868.0,566.0,65534.0,1288.0,2984.0,2984.0,5160.0,10591.0,9816.0,2547.0,127.0,1.0,0.0,0.0,0.0,0.0,0.0,0.0,0.0,0.0,0.0,0.0,0.0,0.0,0.0,0.0,0.0,0.0,0.0,0.0,0.0,0.0,0.0
38.4665277778,361853.0,35496.0,10.1941908947,765.0,867.0,567.0,65529.0,1231.0,3071.0,2875.0,5128.0,10735.0,9827.0,2484.0,135.0,10.0,0.0,0.0,0.0,0.0,0.0,0.0,0.0,0.0,0.0,0.0,0.0,0.0,0.0,0.0,0.0,0.0,0.0,0.0,0.0,0.0,0.0
38.4706944444,365582.0,35496.0,10.2992449854,765.0,876.0,569.0,65527.0,1220.0,3000.0,2757.0,5097.0,10815.0,9867.0,2602.0,135.0,3.0,0.0,0.0,0.0,0.0,0.0,0.0,0.0,0.0,0.0,0.0,0.0,0.0,0.0,0.0,0.0,0.0,0.0,0.0,0.0,0.0,0.0
38.4748611111,367035.0,35496.0,10.3401791751,765.0,872.0,567.0,65528.0,1259.0,2885.0,2759.0,5148.0,10853.0,9791.0,2651.0,148.0,2.0,0.0,0.0,0.0,0.0,0.0,0.0,0.0,0.0,0.0,0.0,0.0,0.0,0.0,0.0,0.0,0.0,0.0,0.0,0.0,0.0,0.0
38.4790277778,363889.0,35499.0,10.2506831178,765.0,870.0,567.0,65528.0,1229.0,2997.0,2804.0,5213.0,10846.0,9723.0,2518.0,160.0,8.0,1.0,0.0,0.0,0.0,0.0,0.0,0.0,0.0,0.0,0.0,0.0,0.0,0.0,0.0,0.0,0.0,0.0,0.0,0.0,0.0,0.0
38.4831944444,361132.0,35500.0,10.1727323944,765.0,871.0,569.0,65535.0,1253.0,3006.0,2753.0,5373.0,10929.0,9545.0,2465.0,163.0,13.0,0.0,0.0,0.0,0.0,0.0,0.0,0.0,0.0,0.0,0.0,0.0,0.0,0.0,0.0,0.0,0.0,0.0,0.0,0.0,0.0,0.0
38.4873611111,363537.0,35497.0,10.241344339,765.0,871.0,568.0,65532.0,1261.0,2949.0,2788.0,5171.0,11007.0,9578.0,2595.0,140.0,8.0,0.0,0.0,0.0,0.0,0.0,0.0,0.0,0.0,0.0,0.0,0.0,0.0,0.0,0.0,0.0,0.0,0.0,0.0,0.0,0.0,0.0
38.4915277778,365633.0,35496.0,10.300681767,765.0,870.0,572.0,65532.0,1279.0,2987.0,2695.0,5172.0,10917.0,9687.0,2595.0,155.0,8.0,1.0,0.0,0.0,0.0,0.0,0.0,0.0,0.0,0.0,0.0,0.0,0.0,0.0,0.0,0.0,0.0,0.0,0.0,0.0,0.0,0.0
38.4956944444,362094.0,35485.0,10.2041425955,764.0,870.0,572.0,65526.0,1321.0,3036.0,2601.0,5132.0,11238.0,9444.0,2553.0,154.0,6.0,0.0,0.0,0.0,0.0,0.0,0.0,0.0,0.0,0.0,0.0,0.0,0.0,0.0,0.0,0.0,0.0,0.0,0.0,0.0,0.0,0.0
38.4998611111,367256.0,35492.0,10.3475712837,767.0,868.0,568.0,65532.0,1258.0,3060.0,2626.0,5088.0,11020.0,9578.0,2711.0,141.0,9.0,1.0,0.0,0.0,0.0,0.0,0.0,0.0,0.0,0.0,0.0,0.0,0.0,0.0,0.0,0.0,0.0,0.0,0.0,0.0,0.0,0.0
38.5040277778,366666.0,35493.0,10.3306567492,761.0,868.0,569.0,65527.0,1267.0,2974.0,2628.0,5177.0,11094.0,9561.0,2604.0,178.0,10.0,0.0,0.0,0.0,0.0,0.0,0.0,0.0,0.0,0.0,0.0,0.0,0.0,0.0,0.0,0.0,0.0,0.0,0.0,0.0,0.0,0.0
38.5081944444,361703.0,35496.0,10.1899650665,764.0,867.0,566.0,65531.0,1332.0,3007.0,2572.0,5242.0,11127.0,9529.0,2537.0,145.0,5.0,0.0,0.0,0.0,0.0,0.0,0.0,0.0,0.0,0.0,0.0,0.0,0.0,0.0,0.0,0.0,0.0,0.0,0.0,0.0,0.0,0.0
38.5123611111,363340.0,35488.0,10.2383904418,765.0,871.0,569.0,65532.0,1341.0,2834.0,2601.0,5442.0,11016.0,9530.0,2564.0,152.0,7.0,1.0,0.0,0.0,0.0,0.0,0.0,0.0,0.0,0.0,0.0,0.0,0.0,0.0,0.0,0.0,0.0,0.0,0.0,0.0,0.0,0.0
38.5165277778,361200.0,35482.0,10.1798094809,765.0,871.0,566.0,65528.0,1310.0,3002.0,2573.0,5329.0,11163.0,9398.0,2547.0,155.0,5.0,0.0,0.0,0.0,0.0,0.0,0.0,0.0,0.0,0.0,0.0,0.0,0.0,0.0,0.0,0.0,0.0,0.0,0.0,0.0,0.0,0.0
38.5206944444,362037.0,35483.0,10.2031113491,761.0,870.0,567.0,65534.0,1383.0,2929.0,2592.0,5279.0,11053.0,9548.0,2545.0,149.0,5.0,0.0,0.0,0.0,0.0,0.0,0.0,0.0,0.0,0.0,0.0,0.0,0.0,0.0,0.0,0.0,0.0,0.0,0.0,0.0,0.0,0.0
38.5248611111,360166.0,35491.0,10.148093883,762.0,871.0,572.0,65532.0,1343.0,2986.0,2582.0,5396.0,11176.0,9298.0,2545.0,161.0,4.0,0.0,0.0,0.0,0.0,0.0,0.0,0.0,0.0,0.0,0.0,0.0,0.0,0.0,0.0,0.0,0.0,0.0,0.0,0.0,0.0,0.0
38.5290277778,360973.0,35500.0,10.1682535211,762.0,870.0,568.0,65526.0,1343.0,2997.0,2436.0,5358.0,11219.0,9512.0,2490.0,135.0,9.0,1.0,0.0,0.0,0.0,0.0,0.0,0.0,0.0,0.0,0.0,0.0,0.0,0.0,0.0,0.0,0.0,0.0,0.0,0.0,0.0,0.0
38.5331944444,361106.0,35487.0,10.1757263223,764.0,868.0,563.0,65532.0,1330.0,2878.0,2628.0,5429.0,11149.0,9355.0,2559.0,154.0,5.0,0.0,0.0,0.0,0.0,0.0,0.0,0.0,0.0,0.0,0.0,0.0,0.0,0.0,0.0,0.0,0.0,0.0,0.0,0.0,0.0,0.0
38.5373611111,363182.0,35502.0,10.2299025407,765.0,870.0,567.0,65528.0,1288.0,2980.0,2595.0,5367.0,11109.0,9358.0,2655.0,144.0,6.0,0.0,0.0,0.0,0.0,0.0,0.0,0.0,0.0,0.0,0.0,0.0,0.0,0.0,0.0,0.0,0.0,0.0,0.0,0.0,0.0,0.0
38.5415277778,359569.0,35495.0,10.1301310044,762.0,865.0,568.0,65532.0,1253.0,3027.0,2543.0,5510.0,11257.0,9214.0,2527.0,155.0,9.0,0.0,0.0,0.0,0.0,0.0,0.0,0.0,0.0,0.0,0.0,0.0,0.0,0.0,0.0,0.0,0.0,0.0,0.0,0.0,0.0,0.0
38.5456944444,358690.0,35494.0,10.1056516594,761.0,871.0,569.0,65532.0,1413.0,3012.0,2559.0,5408.0,11200.0,9196.0,2549.0,148.0,9.0,0.0,0.0,0.0,0.0,0.0,0.0,0.0,0.0,0.0,0.0,0.0,0.0,0.0,0.0,0.0,0.0,0.0,0.0,0.0,0.0,0.0
38.5498611111,361383.0,35498.0,10.1803763592,761.0,871.0,568.0,65535.0,1317.0,2977.0,2529.0,5347.0,11195.0,9464.0,2505.0,159.0,5.0,0.0,0.0,0.0,0.0,0.0,0.0,0.0,0.0,0.0,0.0,0.0,0.0,0.0,0.0,0.0,0.0,0.0,0.0,0.0,0.0,0.0
38.5540277778,359063.0,35499.0,10.1147356264,765.0,871.0,568.0,65535.0,1372.0,2905.0,2513.0,5399.0,11386.0,9229.0,2555.0,139.0,1.0,0.0,0.0,0.0,0.0,0.0,0.0,0.0,0.0,0.0,0.0,0.0,0.0,0.0,0.0,0.0,0.0,0.0,0.0,0.0,0.0,0.0
38.5581944444,357542.0,35488.0,10.0750112714,762.0,867.0,568.0,65534.0,1361.0,2956.0,2507.0,5605.0,11282.0,9082.0,2542.0,146.0,7.0,0.0,0.0,0.0,0.0,0.0,0.0,0.0,0.0,0.0,0.0,0.0,0.0,0.0,0.0,0.0,0.0,0.0,0.0,0.0,0.0,0.0
38.5623611111,358728.0,35490.0,10.1078613694,764.0,867.0,568.0,65535.0,1355.0,2852.0,2384.0,5523.0,11489.0,9249.0,2505.0,126.0,7.0,0.0,0.0,0.0,0.0,0.0,0.0,0.0,0.0,0.0,0.0,0.0,0.0,0.0,0.0,0.0,0.0,0.0,0.0,0.0,0.0,0.0
38.5665277778,360212.0,35498.0,10.1473885853,761.0,871.0,568.0,65534.0,1286.0,2952.0,2404.0,5525.0,11374.0,9246.0,2575.0,131.0,5.0,0.0,0.0,0.0,0.0,0.0,0.0,0.0,0.0,0.0,0.0,0.0,0.0,0.0,0.0,0.0,0.0,0.0,0.0,0.0,0.0,0.0
38.5706944444,360818.0,35488.0,10.1673241659,762.0,867.0,567.0,65528.0,1381.0,2932.0,2331.0,5496.0,11405.0,9180.0,2632.0,123.0,8.0,0.0,0.0,0.0,0.0,0.0,0.0,0.0,0.0,0.0,0.0,0.0,0.0,0.0,0.0,0.0,0.0,0.0,0.0,0.0,0.0,0.0
38.5748611111,359584.0,35489.0,10.132266336,761.0,871.0,569.0,65528.0,1387.0,2936.0,2422.0,5503.0,11342.0,9227.0,2499.0,169.0,3.0,1.0,0.0,0.0,0.0,0.0,0.0,0.0,0.0,0.0,0.0,0.0,0.0,0.0,0.0,0.0,0.0,0.0,0.0,0.0,0.0,0.0
38.5790277778,355478.0,35486.0,10.0174153187,765.0,871.0,568.0,65528.0,1390.0,3006.0,2332.0,5654.0,11467.0,9027.0,2446.0,160.0,4.0,0.0,0.0,0.0,0.0,0.0,0.0,0.0,0.0,0.0,0.0,0.0,0.0,0.0,0.0,0.0,0.0,0.0,0.0,0.0,0.0,0.0
38.5831944444,358261.0,35490.0,10.0947027332,761.0,870.0,568.0,65528.0,1426.0,2795.0,2329.0,5640.0,11565.0,9087.0,2483.0,160.0,5.0,0.0,0.0,0.0,0.0,0.0,0.0,0.0,0.0,0.0,0.0,0.0,0.0,0.0,0.0,0.0,0.0,0.0,0.0,0.0,0.0,0.0
38.5873611111,296662.0,29581.0,10.0288022717,764.0,871.0,566.0,65532.0,1109.0,2414.0,2052.0,4692.0,9604.0,7555.0,2018.0,132.0,5.0,0.0,0.0,0.0,0.0,0.0,0.0,0.0,0.0,0.0,0.0,0.0,0.0,0.0,0.0,0.0,0.0,0.0,0.0,0.0,0.0,0.0
