File,Sensor,tDays,Rec#,Temp,   X,   Y,   Z, Cnt, Max,Bins: (Low) to (High) 
2016-07-29_AA0017_r-048-02.txt,AA0017,47.0423148148,0002,02C4,0110,FEE4,FC81,4ABF,000A,0298,04AB,027E,0A1E,1054,1CC7,0844,016C,0012,0003
2016-07-29_AA0017_r-048-02.txt,AA0017,47.0443981481,0003,02C0,0113,FEE1,FC82,4ABC,000A,02A7,048B,026A,0A97,0FDB,1D19,0830,014B,0015,0005
2016-07-29_AA0017_r-048-02.txt,AA0017,47.0464814815,0004,02C4,0111,FEE0,FC7F,4AC0,000A,0247,0478,024D,0A99,0F8A,1E06,0813,0165,0010,0003
2016-07-29_AA0017_r-048-02.txt,AA0017,47.0485648148,0005,02C4,0111,FEE0,FC7F,4ABF,000A,02A8,0492,0237,0A9A,0F2E,1DFE,0824,014B,0012,0007
2016-07-29_AA0017_r-048-02.txt,AA0017,47.0506481481,0006,02C2,0110,FEE0,FC87,4AC7,000A,0296,0494,0265,0A8B,0F63,1E06,07E4,014C,0012,0002
2016-07-29_AA0017_r-048-02.txt,AA0017,47.0527314815,0007,02C5,010F,FEE3,FC7F,4ABF,000A,0278,04A8,021C,0A67,0F1C,1E61,083E,014F,000D,0005
2016-07-29_AA0017_r-048-02.txt,AA0017,47.0548148148,0008,02C2,0110,FEE1,FC83,4ABF,000A,028C,04AE,0262,0A7A,0EFC,1E2A,0828,0143,0016,0002
2016-07-29_AA0017_r-048-02.txt,AA0017,47.0568981481,0009,02C2,010F,FEE1,FC82,4AB9,000A,0290,045A,023E,0A40,0F1C,1ED3,0811,0138,0013,0006
2016-07-29_AA0017_r-048-02.txt,AA0017,47.0589814815,000A,02C4,0113,FEE0,FC7F,4AC1,000A,028B,04BD,024B,0ACB,0EBF,1E3B,080C,013B,001B,0007
2016-07-29_AA0017_r-048-02.txt,AA0017,47.0610648148,000B,02C0,0110,FEE0,FC86,4AC7,0009,028A,04EA,0260,0A69,0EA8,1E6B,0827,0139,0017,0000
2016-07-29_AA0017_r-048-02.txt,AA0017,47.0631481481,000C,02C2,0111,FEE1,FC7F,4AC5,000A,02A5,04BA,0243,0A64,0EC3,1EC0,0807,011A,0019,0002
2016-07-29_AA0017_r-048-02.txt,AA0017,47.0652314815,000D,02C1,0113,FEE0,FC87,4AC2,000A,029D,04A9,022A,09D5,0F37,1EC1,0824,014F,0010,0002
2016-07-29_AA0017_r-048-02.txt,AA0017,47.0673148148,000E,02C2,0113,FEE0,FC84,4AC5,000A,0296,04AD,0248,0A5D,0E9A,1F17,07EE,0126,0015,0003
2016-07-29_AA0017_r-048-02.txt,AA0017,47.0693981481,000F,02C2,0113,FEE3,FC7F,4AC1,000A,027F,04A3,022A,0A5F,0EB3,1EBF,0853,013C,000F,0006
2016-07-29_AA0017_r-048-02.txt,AA0017,47.0714814815,0010,02C5,0110,FEE3,FC7F,4ABB,000A,02BD,04A3,0201,0A7A,0E70,1ECB,0829,016B,000E,0003
2016-07-29_AA0017_r-048-02.txt,AA0017,47.0735648148,0011,02C0,0110,FEE0,FC86,4ABF,000A,028F,049F,0241,0A11,0EC6,1F23,07F3,014B,0016,0002
2016-07-29_AA0017_r-048-02.txt,AA0017,47.0756481481,0012,02C1,010F,FEE1,FC81,4ABC,000A,02B1,04CC,024D,0A10,0E8E,1EAF,0871,011B,0014,0005
2016-07-29_AA0017_r-048-02.txt,AA0017,47.0777314815,0013,02C2,0113,FEE0,FC83,4AB7,000A,02AE,04AF,0220,0A77,0E72,1F36,07C8,0141,0010,0002
2016-07-29_AA0017_r-048-02.txt,AA0017,47.0798148148,0014,02C1,0110,FEE1,FC83,4ABB,000A,027F,0491,0237,0A1F,0F2E,1E94,083E,0137,0019,0005
2016-07-29_AA0017_r-048-02.txt,AA0017,47.0818981481,0015,02C1,0110,FEE3,FC7E,4ABD,000A,0251,0461,0244,0A2D,0F2B,1EAE,0860,0142,001D,0002
2016-07-29_AA0017_r-048-02.txt,AA0017,47.0839814815,0016,02C2,0113,FEE3,FC83,4AC1,000A,02A5,0487,0230,0AD2,0EB5,1EB9,07F5,0116,0017,0003
2016-07-29_AA0017_r-048-02.txt,AA0017,47.0860648148,0017,02C1,0113,FEE4,FC83,4AB3,000A,0271,04C6,0236,0A2D,0E87,1F06,083E,0133,0019,0002
2016-07-29_AA0017_r-048-02.txt,AA0017,47.0881481481,0018,02C2,0110,FEE0,FC84,4ABC,000A,02CD,0474,0245,0A5C,0E8C,1ED4,082A,012E,001B,0007
2016-07-29_AA0017_r-048-02.txt,AA0017,47.0902314815,0019,02C4,0113,FEE1,FC86,4AB6,000A,0287,0481,0247,0A5C,0EAC,1EE5,084F,0116,0014,0001
2016-07-29_AA0017_r-048-02.txt,AA0017,47.0923148148,001A,02C1,0111,FEE3,FC80,4AB9,000A,0292,049B,026E,0A52,0EBD,1E96,0825,013C,000E,000A
2016-07-29_AA0017_r-048-02.txt,AA0017,47.0943981481,001B,02C1,010F,FEE3,FC83,4ABC,000A,02AF,04A4,0263,0A71,0ED9,1E90,07E2,0136,0012,0002
2016-07-29_AA0017_r-048-02.txt,AA0017,47.0964814815,001C,02C1,0110,FEE0,FC83,4ABC,000A,029D,04C2,0235,0A43,0E89,1EE8,0812,014C,0013,0003
2016-07-29_AA0017_r-048-02.txt,AA0017,47.0985648148,001D,02C1,010F,FEE3,FC7F,4AB8,000A,027E,04AF,0241,0A62,0E81,1EEB,0836,012A,0016,0006
2016-07-29_AA0017_r-048-02.txt,AA0017,47.1006481481,001E,02C1,0110,FEE3,FC83,4AB8,000A,0293,047E,0216,0A95,0F12,1EB7,07F9,0125,0012,0003
2016-07-29_AA0017_r-048-02.txt,AA0017,47.1027314815,001F,02C1,010F,FEE6,FC83,4ABA,000A,0296,04A7,0238,09F8,0F06,1ECC,0824,0139,0016,0008
2016-07-29_AA0017_r-048-02.txt,AA0017,47.1048148148,0020,02C0,0111,FEE1,FC7F,4ABA,000A,02AE,049D,0243,0A52,0E5E,1EE9,0833,014D,0010,0003
2016-07-29_AA0017_r-048-02.txt,AA0017,47.1068981481,0021,02C0,010F,FEE3,FC7F,4ABC,000A,02A2,0494,0275,0AA2,0E7B,1E9B,0811,012A,0017,0007
2016-07-29_AA0017_r-048-02.txt,AA0017,47.1089814815,0022,02C0,0111,FEE6,FC86,4ABF,0009,02C3,04CF,023E,0A0D,0E8A,1ED1,0828,0144,001B,0000
2016-07-29_AA0017_r-048-02.txt,AA0017,47.1110648148,0023,02C0,0110,FEE3,FC86,4ABD,000A,02AC,04D6,0234,0A79,0E4E,1E88,086E,0133,0012,0005
2016-07-29_AA0017_r-048-02.txt,AA0017,47.1131481481,0024,02C1,0110,FEE0,FC83,4ABD,000A,0295,049F,0224,0A72,0EAE,1F5F,07A9,0122,0019,0002
2016-07-29_AA0017_r-048-02.txt,AA0017,47.1152314815,0025,02C1,0111,FEE0,FC7C,4ABC,000A,027A,04D8,0206,0A34,0ED2,1F2E,07D3,013C,0016,000B
2016-07-29_AA0017_r-048-02.txt,AA0017,47.1173148148,0026,02C0,0111,FEE0,FC83,4ABA,000A,028C,0479,0247,0A5D,0E82,1EF8,083C,013C,001B,0004
2016-07-29_AA0017_r-048-02.txt,AA0017,47.1193981481,0027,02C1,0111,FEDF,FC83,4AB8,000A,026B,04C0,022C,0A25,0F06,1ED4,0810,013A,0013,0005
2016-07-29_AA0017_r-048-02.txt,AA0017,47.1214814815,0028,02C1,010F,FEE3,FC7F,4AB6,000A,029A,04B0,0222,0A14,0EB3,1F13,082A,012B,0013,0008
2016-07-29_AA0017_r-048-02.txt,AA0017,47.1235648148,0029,02C2,0110,FEE4,FC86,4AB3,000A,02A8,04A0,020C,0A90,0E42,1ED7,0868,0139,0014,0001
2016-07-29_AA0017_r-048-02.txt,AA0017,47.1256481481,002A,02C1,0110,FEE0,FC86,4ABB,000A,02AA,0475,0259,0A37,0E9B,1F45,07ED,0128,0014,0003
2016-07-29_AA0017_r-048-02.txt,AA0017,47.1277314815,002B,02C0,010F,FEE0,FC7F,4AB6,000A,02A6,0501,0237,0A32,0E3C,1F1C,0802,012D,001C,0003
2016-07-29_AA0017_r-048-02.txt,AA0017,47.1298148148,002C,02C0,0113,FEE3,FC87,4ABF,000A,0286,04C3,0259,0AB3,0EB3,1E70,07E3,0148,0018,0004
2016-07-29_AA0017_r-048-02.txt,AA0017,47.1318981481,002D,02C0,0110,FEE1,FC87,4ABA,000A,02B5,0497,0239,0A60,0E90,1EF5,081E,0119,0017,0002
2016-07-29_AA0017_r-048-02.txt,AA0017,47.1339814815,002E,02C0,0111,FEE0,FC7F,4AB9,000A,0286,04A1,027B,0A2F,0E52,1F1A,0828,0139,0010,000B
2016-07-29_AA0017_r-048-02.txt,AA0017,47.1360648148,002F,02C0,0113,FEE3,FC83,4ABA,000A,028E,04B9,0243,0A66,0EE3,1EC7,07C4,0146,0011,0005
2016-07-29_AA0017_r-048-02.txt,AA0017,47.1381481481,0030,02C0,010F,FEE3,FC81,4ABF,000A,0286,0508,0225,0A2D,0E1F,1F32,083A,0140,0013,0001
2016-07-29_AA0017_r-048-02.txt,AA0017,47.1402314815,0031,02C0,0111,FEE1,FC83,4ABB,000A,0296,04B6,0246,0A9D,0EAF,1EA2,0813,0114,0013,0001
2016-07-29_AA0017_r-048-02.txt,AA0017,47.1423148148,0032,02C0,010F,FEE3,FC84,4AB9,000A,028F,049F,026F,0A7C,0E04,1F28,0842,011E,0011,0003
2016-07-29_AA0017_r-048-02.txt,AA0017,47.1443981481,0033,02C0,0111,FEE3,FC84,4AB9,000A,02B6,04E8,0227,0A01,0E9C,1F27,07EC,0131,000F,0004
2016-07-29_AA0017_r-048-02.txt,AA0017,47.1464814815,0034,02C0,010F,FEE3,FC86,4AB7,000A,0297,04B8,024E,0A5D,0E40,1EF8,081B,014F,0016,0005
2016-07-29_AA0017_r-048-02.txt,AA0017,47.1485648148,0035,02C0,0110,FEE0,FC84,4ABF,000A,0283,0468,0268,0A85,0EC3,1E9D,0827,013D,001C,0007
2016-07-29_AA0017_r-048-02.txt,AA0017,47.1506481481,0036,02C0,010F,FEE1,FC83,4AB9,000A,0279,04AC,022D,0A61,0EB1,1EA9,0841,014E,0015,0008
2016-07-29_AA0017_r-048-02.txt,AA0017,47.1527314815,0037,02C0,0111,FEE3,FC7F,4AB7,000A,02A3,04BE,0228,0A12,0EAA,1F51,07DD,0125,0018,0007
2016-07-29_AA0017_r-048-02.txt,AA0017,47.1548148148,0038,02C0,0113,FEE3,FC7F,4ABA,000A,02B7,049A,0245,0A7C,0EEC,1E9C,07EF,0109,0022,0006
2016-07-29_AA0017_r-048-02.txt,AA0017,47.1568981481,0039,02C1,0111,FEE3,FC83,4ABF,000A,029E,048C,0269,09F3,0E95,1EFE,084F,013D,0019,0001
2016-07-29_AA0017_r-048-02.txt,AA0017,47.1589814815,003A,02BE,0110,FEE1,FC7F,4ABA,000A,0265,04FA,023C,0A30,0F25,1E7E,0804,0134,0010,0004
2016-07-29_AA0017_r-048-02.txt,AA0017,47.1610648148,003B,02C1,0110,FEE0,FC87,4AAF,000A,028A,04F8,0247,0A69,0EBB,1EAC,07CD,013C,000B,0002
2016-07-29_AA0017_r-048-02.txt,AA0017,47.1631481481,003C,02C0,0110,FEE1,FC87,4AB7,000A,0299,04B9,026D,0A56,0EBA,1E6C,0818,0152,000F,0003
2016-07-29_AA0017_r-048-02.txt,AA0017,47.1652314815,003D,02C0,0110,FEDF,FC7F,4AB7,000A,02A4,043E,026C,0A34,0EA6,1EFF,0829,0151,0013,0003
2016-07-29_AA0017_r-048-02.txt,AA0017,47.1673148148,003E,02C0,010F,FEE3,FC87,4AB6,000A,02B9,04BF,022C,0A43,0EB6,1ECA,0813,0129,0010,0003
2016-07-29_AA0017_r-048-02.txt,AA0017,47.1693981481,003F,02C0,0111,FEE0,FC7F,4AB8,000A,02B7,04A7,024E,0A32,0EB4,1EE8,07CA,015A,0014,0006
2016-07-29_AA0017_r-048-02.txt,AA0017,47.1714814815,0040,02C0,0111,FEE3,FC84,4AAF,000B,04BB,022F,0A2B,0EBC,1EEA,07FD,013A,000E,0007,0001
2016-07-29_AA0017_r-048-02.txt,AA0017,47.1735648148,0041,02C0,010F,FEE1,FC7E,4AB5,000A,02CD,047E,025B,0A25,0EAA,1ED6,0819,0133,001A,0004
2016-07-29_AA0017_r-048-02.txt,AA0017,47.1756481481,0042,02C0,010F,FEE3,FC86,4AB5,000A,0297,04D4,0257,0A35,0E89,1EEB,080F,012A,0010,0001
2016-07-29_AA0017_r-048-02.txt,AA0017,47.1777314815,0043,02C1,0110,FEE2,FC82,4AB7,000A,029C,04C1,0245,0A6C,0EAC,1EDB,07D5,0133,0014,0006
2016-07-29_AA0017_r-048-02.txt,AA0017,47.1798148148,0044,02C0,010F,FEE3,FC84,4AB2,000A,02AF,04CC,0221,0A87,0E2A,1F05,0802,014C,000D,0005
2016-07-29_AA0017_r-048-02.txt,AA0017,47.1818981481,0045,02C0,0111,FEE3,FC83,4AB5,000A,02A3,04D5,0235,0A31,0E47,1F0F,082D,0135,001A,0005
2016-07-29_AA0017_r-048-02.txt,AA0017,47.1839814815,0046,02C0,0111,FEE2,FC7F,4AB6,000A,028D,04B8,0217,0A71,0E32,1F51,0819,012C,001C,0005
2016-07-29_AA0017_r-048-02.txt,AA0017,47.1860648148,0047,02C0,0111,FEE1,FC83,4AAD,000A,0294,04E0,025F,0A19,0E29,1F89,07DD,011C,0013,0003
2016-07-29_AA0017_r-048-02.txt,AA0017,47.1881481481,0048,02C0,010F,FEE3,FC86,4AB1,000A,02D6,04F0,024C,0AC0,0E25,1F36,0770,00F8,001B,0001
2016-07-29_AA0017_r-048-02.txt,AA0017,47.1902314815,0049,02C0,010F,FEE0,FC86,4AAE,000A,0282,04DD,0264,0A5A,0E52,1F49,07BE,011F,0015,0004
2016-07-29_AA0017_r-048-02.txt,AA0017,47.1923148148,004A,02C0,010F,FEE1,FC83,4AAB,000A,02D8,04A3,0246,0A8A,0E6B,1ED1,07CC,0137,001E,0003
2016-07-29_AA0017_r-048-02.txt,AA0017,47.1943981481,004B,02C0,0113,FEE0,FC7F,4AB6,000A,027C,04C0,0257,0A3B,0E90,1F37,07CC,0140,000E,0007
2016-07-29_AA0017_r-048-02.txt,AA0017,47.1964814815,004C,02C0,0113,FEE3,FC7F,4AA8,000A,026A,04EA,0255,0A4C,0E68,1EF9,0815,0125,0010,0008
2016-07-29_AA0017_r-048-02.txt,AA0017,47.1985648148,004D,02BE,010E,FEE0,FC86,4AB1,000A,0287,04E2,022E,0A50,0E9F,1EF8,07DF,0130,0020,0004
2016-07-29_AA0017_r-048-02.txt,AA0017,47.2006481481,004E,02C0,010C,FEE0,FC83,4AB0,000A,026D,04B5,023C,0A89,0E4B,1F20,080B,013D,0012,0004
2016-07-29_AA0017_r-048-02.txt,AA0017,47.2027314815,004F,02BE,0111,FEE0,FC7F,4AB6,000A,02A8,0490,022C,0A4C,0ECE,1E9D,0827,0150,001A,000A
2016-07-29_AA0017_r-048-01.txt,AA0017,46.8626736111,0002,02C2,010E,FEE0,FC83,4AC0,000A,029A,04C7,0278,09F4,0F80,1DDD,0841,0148,000C,0001
2016-07-29_AA0017_r-048-01.txt,AA0017,46.8647569444,0003,02C0,010F,FEE1,FC86,4AB9,000A,0298,04E2,0257,0A4C,0EF6,1E58,0802,0138,0013,0001
2016-07-29_AA0017_r-048-01.txt,AA0017,46.8668402778,0004,02C0,0113,FEE0,FC7F,4ABE,000B,04C5,026E,0A01,0F60,1E17,0820,0160,0016,0006,0001
2016-07-29_AA0017_r-048-01.txt,AA0017,46.8689236111,0005,02C0,0110,FEE3,FC86,4ABA,000A,02A5,04C6,026C,0A9D,0E40,1EB1,0806,0131,001A,0004
2016-07-29_AA0017_r-048-01.txt,AA0017,46.8710069444,0006,02C0,010F,FEE3,FC84,4AC1,000A,0264,04B6,0267,0A2A,0EE0,1F30,07B2,013B,0010,0009
2016-07-29_AA0017_r-048-01.txt,AA0017,46.8730902778,0007,02C1,010F,FEE0,FC7F,4ABF,000A,02AB,04C2,023C,0A6A,0E9B,1F13,07C3,012D,000D,0001
2016-07-29_AA0017_r-048-01.txt,AA0017,46.8751736111,0008,02C0,0110,FEE3,FC83,4AB9,000A,029E,04AD,0262,09E2,0E29,1F89,0822,013E,0016,0002
2016-07-29_AA0017_r-048-01.txt,AA0017,46.8772569444,0009,02C1,0111,FEE3,FC7F,4ABF,000A,0281,04D7,022D,0A8F,0E8A,1EB2,081B,0138,0015,0007
2016-07-29_AA0017_r-048-01.txt,AA0017,46.8793402778,000A,02C1,0111,FEE1,FC7F,4AB5,000A,0293,043F,022A,0A69,0E56,1FA6,0817,012C,0010,0001
2016-07-29_AA0017_r-048-01.txt,AA0017,46.8814236111,000B,02C0,010F,FEE0,FC86,4AB9,000A,0293,04B0,025B,0A3F,0E74,1F7D,07A0,0131,0015,0005
2016-07-29_AA0017_r-048-01.txt,AA0017,46.8835069444,000C,02C0,0110,FEE0,FC86,4ABA,000A,029C,04BC,0226,0A30,0E53,1F80,07E9,0138,0012,0006
2016-07-29_AA0017_r-048-01.txt,AA0017,46.8855902778,000D,02C0,010F,FEE2,FC83,4ABD,000A,02AD,04BC,023F,0A3A,0E39,1F57,0803,0133,0014,0001
2016-07-29_AA0017_r-048-01.txt,AA0017,46.8876736111,000E,02C1,0111,FEE1,FC84,4ABC,000A,026A,04A3,023F,0A1A,0E8F,1F55,083B,011E,0012,0007
2016-07-29_AA0017_r-048-01.txt,AA0017,46.8897569444,000F,02C0,0110,FEE1,FC7F,4ABF,000A,02AC,04B0,0265,0A4C,0DFB,1F82,07F3,0124,001B,0003
2016-07-29_AA0017_r-048-01.txt,AA0017,46.8918402778,0010,02C1,0111,FEE0,FC83,4ABB,000A,0279,04BE,0241,0A5B,0E61,1F5A,07E3,012F,0016,0005
2016-07-29_AA0017_r-048-01.txt,AA0017,46.8939236111,0011,02C2,0110,FEE2,FC82,4ABA,000A,02A4,04BB,024B,0A43,0E14,1F12,0852,0139,001A,0002
2016-07-29_AA0017_r-048-01.txt,AA0017,46.8960069444,0012,02C1,0110,FEE0,FC83,4ABB,000A,0281,0495,024A,0A64,0E56,1F89,07D1,0129,0016,0008
2016-07-29_AA0017_r-048-01.txt,AA0017,46.8980902778,0013,02C1,010F,FEE1,FC83,4AC0,000A,0291,04AF,0250,0A2E,0E78,1F67,07E0,012F,0012,0002
2016-07-29_AA0017_r-048-01.txt,AA0017,46.9001736111,0014,02C2,0113,FEE1,FC83,4AB7,000A,0287,04D7,0242,0A75,0E6B,1F0D,07EF,0125,0015,0001
2016-07-29_AA0017_r-048-01.txt,AA0017,46.9022569444,0015,02C1,0111,FEE1,FC7F,4ABD,000A,0297,0495,0255,0A2C,0E01,1FE1,07E2,012F,001A,0003
2016-07-29_AA0017_r-048-01.txt,AA0017,46.9043402778,0016,02C1,0110,FEE3,FC83,4ABB,000B,04B1,023D,0A6A,0E1B,1F9A,07ED,0116,000E,0007,0001
2016-07-29_AA0017_r-048-01.txt,AA0017,46.9064236111,0017,02C1,0111,FEE3,FC87,4AB2,000A,02C5,04AE,0230,0A7A,0E42,1F24,07FD,011F,000D,0006
2016-07-29_AA0017_r-048-01.txt,AA0017,46.9085069444,0018,02C0,010F,FEE3,FC83,4ABC,000A,02A1,04A3,0239,0A98,0E3C,1F25,0802,012E,0010,0006
2016-07-29_AA0017_r-048-01.txt,AA0017,46.9105902778,0019,02C0,0111,FEE0,FC7F,4AB6,000A,029F,0476,0253,0A6E,0E5D,1F5C,07F1,0127,000A,0005
2016-07-29_AA0017_r-048-01.txt,AA0017,46.9126736111,001A,02C1,0111,FEE0,FC83,4AB7,000A,02D3,049E,0238,0A81,0E09,1F66,07F1,0115,000F,0009
2016-07-29_AA0017_r-048-01.txt,AA0017,46.9147569444,001B,02C5,0111,FEE0,FC83,4AC2,000A,0278,04FF,0233,0A82,0E70,1F58,079E,0116,0014,0006
2016-07-29_AA0017_r-048-01.txt,AA0017,46.9168402778,001C,02C2,0113,FEE0,FC83,4ABD,000A,02A3,0470,0237,0A55,0E46,1F5E,0829,012F,001F,0003
2016-07-29_AA0017_r-048-01.txt,AA0017,46.9189236111,001D,02C1,0110,FEE1,FC83,4ABC,000A,028E,049C,0263,0A5F,0E0F,1FA2,07C2,0148,0012,0003
2016-07-29_AA0017_r-048-01.txt,AA0017,46.9210069444,001E,02C1,0111,FEE0,FC86,4AC1,000A,0299,04B9,0248,0AAE,0E0A,1F79,07C0,011B,0015,0006
2016-07-29_AA0017_r-048-01.txt,AA0017,46.9230902778,001F,02C1,0111,FEE1,FC86,4AB8,000A,02B7,049A,025E,0A7F,0E03,1F86,07A0,0149,0013,0005
2016-07-29_AA0017_r-048-01.txt,AA0017,46.9251736111,0020,02C1,0113,FEE0,FC83,4ABC,000A,027E,04B0,026A,0A43,0E9B,1F2F,07F6,0112,000D,0002
2016-07-29_AA0017_r-048-01.txt,AA0017,46.9272569444,0021,02C2,0110,FEE3,FC83,4ABE,000A,0268,049E,022F,0A30,0E1A,1FFB,080E,011A,0017,0005
2016-07-29_AA0017_r-048-01.txt,AA0017,46.9293402778,0022,02C2,0110,FEE3,FC7F,4AC1,000A,02C6,04B9,023D,0A24,0E61,1F4C,07EA,0133,0010,0007
2016-07-29_AA0017_r-048-01.txt,AA0017,46.9314236111,0023,02C4,0111,FEE3,FC7F,4ABE,000A,02A2,047F,024E,0A44,0E7A,1F1D,0847,010C,001C,0005
2016-07-29_AA0017_r-048-01.txt,AA0017,46.9335069444,0024,02C1,0111,FEE3,FC83,4AC1,000A,02AD,04C4,023A,0A50,0E50,1EFB,0822,0145,0011,0003
2016-07-29_AA0017_r-048-01.txt,AA0017,46.9355902778,0025,02C2,0110,FEE3,FC7F,4ABE,000A,02C1,048A,0252,0A17,0EAC,1EFE,081C,0127,0018,0005
2016-07-29_AA0017_r-048-01.txt,AA0017,46.9376736111,0026,02C2,0111,FEE1,FC7F,4ABF,000A,0299,04D0,023B,0A74,0E4B,1F23,07F0,0130,0013,0006
2016-07-29_AA0017_r-048-01.txt,AA0017,46.9397569444,0027,02C2,010F,FEE3,FC83,4AC0,000A,0284,04A8,023E,0A22,0EDF,1F06,0813,011D,0018,0007
2016-07-29_AA0017_r-048-01.txt,AA0017,46.9418402778,0028,02C4,0110,FEE3,FC7F,4AC1,000A,0294,04AB,0232,0A47,0E05,1F8A,082D,012A,001D,0006
2016-07-29_AA0017_r-048-01.txt,AA0017,46.9439236111,0029,02C7,0110,FEE3,FC86,4AC0,000A,02A0,048D,023C,09F7,0E66,1F77,0808,0160,0012,0009
2016-07-29_AA0017_r-048-01.txt,AA0017,46.9460069444,002A,02C2,010F,FEE0,FC84,4AB8,000A,0296,048B,025D,0A59,0DA1,1FD4,0815,013B,0017,0005
2016-07-29_AA0017_r-048-01.txt,AA0017,46.9480902778,002B,02C1,0110,FEE3,FC83,4ABE,000A,02BB,048A,0249,0A5E,0EAB,1EB4,0837,012C,000F,0001
2016-07-29_AA0017_r-048-01.txt,AA0017,46.9501736111,002C,02C2,0113,FEE3,FC7F,4AB9,000A,0295,048C,0219,0A3E,0ED7,1EFE,07FC,0158,0012,0006
2016-07-29_AA0017_r-048-01.txt,AA0017,46.9522569444,002D,02C2,010F,FEE3,FC86,4AC3,000A,0292,04D1,0226,0A1D,0ED9,1E92,086E,0123,001D,0004
2016-07-29_AA0017_r-048-01.txt,AA0017,46.9543402778,002E,02C5,0110,FEE2,FC84,4ABE,000A,027F,0496,0241,09EC,0ECC,1F3F,0825,0132,0014,0006
2016-07-29_AA0017_r-048-01.txt,AA0017,46.9564236111,002F,02C1,010F,FEE0,FC86,4AC8,000A,02AC,049C,0255,0A57,0EA8,1EE1,0807,012C,0014,0004
2016-07-29_AA0017_r-048-01.txt,AA0017,46.9585069444,0030,02C4,0111,FEE0,FC83,4AC3,000A,029B,04F5,0247,0A37,0E87,1EE6,07FF,012D,0018,0004
2016-07-29_AA0017_r-048-01.txt,AA0017,46.9605902778,0031,02C2,010F,FEE1,FC83,4AC3,000A,02BB,047E,0220,0A3E,0E78,1F6C,07EC,0147,0012,0003
2016-07-29_AA0017_r-048-01.txt,AA0017,46.9626736111,0032,02C2,0110,FEE0,FC83,4AC4,000A,027F,0481,020A,0A88,0ED7,1EF6,0844,0104,001A,0003
2016-07-29_AA0017_r-048-01.txt,AA0017,46.9647569444,0033,02C1,0111,FEE3,FC81,4ABC,000A,0278,0472,021E,0AA8,0EA5,1F14,0805,012F,001A,0005
2016-07-29_AA0017_r-048-01.txt,AA0017,46.9668402778,0034,02C1,0110,FEE3,FC86,4ABF,000A,02A5,0482,0214,0A39,0ECB,1ECA,0869,012F,0016,0008
2016-07-29_AA0017_r-048-01.txt,AA0017,46.9689236111,0035,02C4,0111,FEE0,FC7F,4ACB,000A,0280,04C6,023D,0A7A,0EB1,1EB1,0804,0152,0013,0003
2016-07-29_AA0017_r-048-01.txt,AA0017,46.9710069444,0036,02C2,0111,FEE3,FC7F,4ABD,000A,0290,04A4,0227,0A4D,0F0E,1E50,086E,0134,0011,0004
2016-07-29_AA0017_r-048-01.txt,AA0017,46.9730902778,0037,02C2,0111,FEE3,FC7F,4AC0,000A,02B4,047A,0231,0A9D,0EC4,1E7C,081C,0150,0014,0004
2016-07-29_AA0017_r-048-01.txt,AA0017,46.9751736111,0038,02C5,010F,FEE1,FC83,4ACA,000A,02BE,0472,023B,0AB5,0E86,1EB5,0817,0140,0016,0002
2016-07-29_AA0017_r-048-01.txt,AA0017,46.9772569444,0039,02C1,010F,FEE1,FC84,4AC6,000A,02B4,0493,0211,0A68,0E83,1ED6,086B,012B,0016,0001
2016-07-29_AA0017_r-048-01.txt,AA0017,46.9793402778,003A,02C5,0111,FEE0,FC86,4AC5,000A,02B1,04A1,024B,0AAF,0E9B,1EA4,0802,011F,0014,0005
2016-07-29_AA0017_r-048-01.txt,AA0017,46.9814236111,003B,02C1,0110,FEE0,FC87,4AC4,000A,0297,04C4,020E,0AA6,0E95,1EE1,07F6,012C,001A,0003
2016-07-29_AA0017_r-048-01.txt,AA0017,46.9835069444,003C,02C1,010E,FEE4,FC83,4AC5,000A,0294,04C4,0224,0AA4,0E1E,1EAC,0865,015A,0017,0005
2016-07-29_AA0017_r-048-01.txt,AA0017,46.9855902778,003D,02C5,0110,FEE1,FC83,4AC2,000A,0289,04B5,023F,0A59,0EBF,1E8E,0846,014D,000B,0001
2016-07-29_AA0017_r-048-01.txt,AA0017,46.9876736111,003E,02C2,010F,FEE1,FC83,4AC6,000A,02C3,04C1,0212,0A64,0E5D,1ECE,0843,013C,0019,0009
2016-07-29_AA0017_r-048-01.txt,AA0017,46.9897569444,003F,02C2,0110,FEE0,FC83,4AC3,000A,02A8,04AF,0238,0A29,0E10,1F7E,0811,0150,0018,0004
2016-07-29_AA0017_r-048-01.txt,AA0017,46.9918402778,0040,02C5,0110,FEE0,FC83,4AC0,000A,0281,04D3,024C,0A7E,0E8E,1ED4,0802,0121,001C,0001
2016-07-29_AA0017_r-048-01.txt,AA0017,46.9939236111,0041,02C1,010F,FEE1,FC87,4AC4,000A,02AE,048C,0250,0A4B,0E83,1F4C,07E8,011C,0015,0007
2016-07-29_AA0017_r-048-01.txt,AA0017,46.9960069444,0042,02C0,0110,FEE3,FC83,4AC2,000A,02A6,04DA,0241,0A28,0E60,1F58,07C5,0144,0013,0005
2016-07-29_AA0017_r-048-01.txt,AA0017,46.9980902778,0043,02C2,0111,FEE4,FC7E,4AC3,000A,02A0,04C5,0251,09FB,0E7D,1F5B,0804,011A,0018,0004
2016-07-29_AA0017_r-048-01.txt,AA0017,47.0001736111,0044,02C5,0113,FEE0,FC84,4AC7,000A,0281,04C4,024A,0A22,0E80,1F4B,07FD,0139,0011,0004
2016-07-29_AA0017_r-048-01.txt,AA0017,47.0022569444,0045,02C2,0110,FEE3,FC84,4ABE,000A,02BC,048F,0218,09F0,0EBB,1EEF,085D,0143,001C,0005
2016-07-29_AA0017_r-048-01.txt,AA0017,47.0043402778,0046,02C4,010F,FEE7,FC83,4AC4,000A,02AA,04CC,020F,0A24,0E59,1F62,0817,0131,0013,0005
2016-07-29_AA0017_r-048-01.txt,AA0017,47.0064236111,0047,02C2,010F,FEE1,FC86,4AC2,000A,029E,04B2,021F,0A13,0E4C,1F8E,080E,0147,000E,0003
2016-07-29_AA0017_r-048-01.txt,AA0017,47.0085069444,0048,02C2,010F,FEE0,FC84,4AC6,000A,0290,04A1,022E,0ABD,0EC5,1EA2,07EF,013D,0014,0003
2016-07-29_AA0017_r-048-01.txt,AA0017,47.0105902778,0049,02C1,010F,FEE3,FC83,4ABF,000A,02A0,044E,0217,0A8D,0E65,1F83,0810,0120,000F,0006
2016-07-29_AA0017_r-048-01.txt,AA0017,47.0126736111,004A,02C7,010F,FEE0,FC86,4ABF,000A,029D,0482,0265,0A5D,0E95,1EEA,0819,012F,0013,0004
2016-07-29_AA0017_r-048-01.txt,AA0017,47.0147569444,004B,02C2,010F,FEE3,FC83,4ABD,000A,02A7,04CE,0226,0A52,0DF7,1F82,0808,0137,0015,0003
2016-07-29_AA0017_r-048-01.txt,AA0017,47.0168402778,004C,02C2,0110,FEE1,FC86,4ABF,000A,0299,0490,023E,0A45,0E76,1F54,082A,0105,0018,0002
2016-07-29_AA0017_r-048-01.txt,AA0017,47.0189236111,004D,02C2,0110,FEE0,FC84,4ABE,000A,028C,04BC,0238,0A81,0E27,1F41,080B,0129,001D,0004
2016-07-29_AA0017_r-048-01.txt,AA0017,47.0210069444,004E,02C1,0110,FEE4,FC87,4ABB,000A,02A1,04AD,022F,0A14,0E36,1F55,0856,0134,0013,0002
2016-07-29_AA0017_r-048-01.txt,AA0017,47.0230902778,004F,02C7,0110,FEE3,FC83,4ABC,000A,029F,049E,023C,0A6A,0E40,1F75,07F0,011E,0012,0004
2016-07-29_AA0017_r-047-02.txt,AA0017,46.5282986111,0002,02BC,010F,FEE1,FC84,4AAF,000A,0267,0501,0342,0ACB,11B5,1A32,0790,01A9,0018,0002
2016-07-29_AA0017_r-047-02.txt,AA0017,46.5303819444,0003,02B6,0110,FEE0,FC83,4AB1,000A,024A,04D6,02FE,0AA1,118F,1B68,0771,016E,0014,0008
2016-07-29_AA0017_r-047-02.txt,AA0017,46.5324652778,0004,02BA,0110,FEE0,FC87,4AAE,000A,0244,04C3,0314,0ADF,11A0,1AD9,07A2,0180,0013,0006
2016-07-29_AA0017_r-047-02.txt,AA0017,46.5345486111,0005,02BA,0111,FEE0,FC84,4AAC,000A,0288,0540,032D,0AC5,10A1,1B62,077C,015B,0016,0002
2016-07-29_AA0017_r-047-02.txt,AA0017,46.5366319444,0006,02BA,010F,FEE3,FC84,4AA4,000A,0236,0533,0301,0ABA,103A,1C16,07B7,015C,001C,0001
2016-07-29_AA0017_r-047-02.txt,AA0017,46.5387152778,0007,02B9,0110,FEE1,FC86,4AAA,000A,0255,0489,0321,0AA5,10F0,1BA5,07D0,017D,001C,0008
2016-07-29_AA0017_r-047-02.txt,AA0017,46.5407986111,0008,02B7,0110,FEE3,FC84,4AA9,000A,02A5,04BD,02DE,0ACC,0F6E,1CDE,07AB,0188,001A,0004
2016-07-29_AA0017_r-047-02.txt,AA0017,46.5428819444,0009,02BA,0111,FEE0,FC86,4AAA,000A,026B,04F5,0324,0A7A,1002,1C64,07C4,015E,001C,0008
2016-07-29_AA0017_r-047-02.txt,AA0017,46.5449652778,000A,02BA,0110,FEE1,FC83,4AA9,000A,0246,04EF,02DD,0A7A,0F6F,1D8C,07B6,014F,0018,0005
2016-07-29_AA0017_r-047-02.txt,AA0017,46.5470486111,000B,02BA,0110,FEE0,FC86,4AAE,000A,027D,04FE,02CA,0A5B,0FF9,1CD2,07C5,0162,0017,0005
2016-07-29_AA0017_r-047-02.txt,AA0017,46.5491319444,000C,02B9,0110,FEE4,FC83,4AAA,000A,025F,04F0,030F,0A6A,0FCF,1CE7,07BD,0154,0018,0003
2016-07-29_AA0017_r-047-02.txt,AA0017,46.5512152778,000D,02BA,0111,FEE4,FC7F,4AA8,000A,0260,04C6,02E0,0A83,0FE9,1CD3,07FC,0147,0019,0007
2016-07-29_AA0017_r-047-02.txt,AA0017,46.5532986111,000E,02B7,0110,FEE0,FC86,4AA9,000A,0266,04DE,02CC,0A58,0F5F,1DA9,07C8,0155,0019,0003
2016-07-29_AA0017_r-047-02.txt,AA0017,46.5553819444,000F,02B9,010F,FEE3,FC83,4AA8,000A,0275,0502,02F9,0A88,0FB9,1CE9,07D0,0136,0007,0001
2016-07-29_AA0017_r-047-02.txt,AA0017,46.5574652778,0010,02B7,0111,FEE2,FC81,4AAE,000A,0264,0502,0303,0A9C,0FD5,1D41,0746,0137,0013,0003
2016-07-29_AA0017_r-047-02.txt,AA0017,46.5595486111,0011,02B7,0113,FEE0,FC84,4AA7,000A,025C,04DD,030C,0AAD,0F95,1D1B,0797,0158,0014,0002
2016-07-29_AA0017_r-047-02.txt,AA0017,46.5616319444,0012,02BA,010F,FEE1,FC83,4AA7,000A,0255,049C,02E0,0A34,1038,1D33,07CA,015C,0010,0001
2016-07-29_AA0017_r-047-02.txt,AA0017,46.5637152778,0013,02B6,0110,FEE3,FC83,4AAB,000A,027E,04C1,02CB,0A66,0F92,1D6F,07AD,016B,0018,000A
2016-07-29_AA0017_r-047-02.txt,AA0017,46.5657986111,0014,02BA,0111,FEE1,FC83,4AA9,000A,0271,04F4,02E7,0A33,0FCB,1D0F,07DD,015C,0010,0007
2016-07-29_AA0017_r-047-02.txt,AA0017,46.5678819444,0015,02B7,010F,FEE4,FC81,4AA3,000A,0226,04D2,02D6,0AAC,0FE3,1D3E,07B9,0140,000B,0004
2016-07-29_AA0017_r-047-02.txt,AA0017,46.5699652778,0016,02B7,0111,FEE0,FC83,4AA5,0009,0255,04A9,02D7,0A9A,1016,1D00,07C2,014C,0012,0000
2016-07-29_AA0017_r-047-02.txt,AA0017,46.5720486111,0017,02B7,010F,FEE1,FC83,4AA2,000A,0259,04C8,030D,0A7C,0FF2,1CC0,07CF,015B,0015,0007
2016-07-29_AA0017_r-047-02.txt,AA0017,46.5741319444,0018,02B7,010F,FEE0,FC86,4AA3,000A,023B,0516,02F9,0A93,0FDF,1CE1,07AD,0143,0012,0004
2016-07-29_AA0017_r-047-02.txt,AA0017,46.5762152778,0019,02BA,0113,FEE4,FC83,4AB2,000A,0253,04B4,02E2,0A4F,0F9D,1D25,0830,0169,0015,000A
2016-07-29_AA0017_r-047-02.txt,AA0017,46.5782986111,001A,02B7,0111,FEE0,FC83,4AA7,000A,028A,04CB,02EA,0A51,0FAA,1D67,0798,0156,0010,0008
2016-07-29_AA0017_r-047-02.txt,AA0017,46.5803819444,001B,02BA,0111,FEE0,FC7F,4AA8,000A,026D,04A0,02FA,0A64,0F39,1D85,0807,0160,0015,0003
2016-07-29_AA0017_r-047-02.txt,AA0017,46.5824652778,001C,02BA,0113,FEE1,FC87,4AA5,0009,0260,04B6,0304,0A59,0F92,1D8A,07CD,0137,0012,0000
2016-07-29_AA0017_r-047-02.txt,AA0017,46.5845486111,001D,02B6,0111,FEE3,FC7F,4AA5,000A,0265,04EF,02BE,0A7A,0F35,1DA0,07DE,0148,0018,0006
2016-07-29_AA0017_r-047-02.txt,AA0017,46.5866319444,001E,02B7,0111,FEE1,FC7E,4AA6,000A,0272,04FF,02B6,0A82,0F90,1D58,07C8,012B,001D,0005
2016-07-29_AA0017_r-047-02.txt,AA0017,46.5887152778,001F,02B5,0111,FEE1,FC83,4AAA,000A,027D,04D9,02B8,0A7C,1015,1D06,079C,0140,0023,0006
2016-07-29_AA0017_r-047-02.txt,AA0017,46.5907986111,0020,02B7,010F,FEE0,FC87,4AA5,000A,0262,04C3,02DE,0A2F,103B,1C96,0812,0170,0019,0007
2016-07-29_AA0017_r-047-02.txt,AA0017,46.5928819444,0021,02B7,010F,FEE6,FC7F,4AA6,000A,027B,04D9,02C4,0A93,0FE8,1CE4,07B1,0167,0011,0006
2016-07-29_AA0017_r-047-02.txt,AA0017,46.5949652778,0022,02B7,0111,FEE0,FC84,4AAB,000A,027A,04A5,02A9,0A79,0F93,1D70,0801,014A,0018,0004
2016-07-29_AA0017_r-047-02.txt,AA0017,46.5970486111,0023,02BA,0110,FEDF,FC83,4AAE,000A,027A,04A9,02E3,0A27,0FF3,1D64,0798,0177,0016,0005
2016-07-29_AA0017_r-047-02.txt,AA0017,46.5991319444,0024,02B5,0113,FEE3,FC7F,4AA9,000A,023F,04D3,02CA,0A1D,105F,1CD9,07EF,016E,0014,0007
2016-07-29_AA0017_r-047-02.txt,AA0017,46.6012152778,0025,02BA,0113,FEE0,FC7F,4AA4,000A,0298,0499,02EF,0ACE,101A,1C2C,0811,014D,000E,0004
2016-07-29_AA0017_r-047-02.txt,AA0017,46.6032986111,0026,02B7,0111,FEE0,FC85,4AA6,000A,0279,04AC,02C5,0A55,103A,1CD9,07DA,0160,0018,0002
2016-07-29_AA0017_r-047-02.txt,AA0017,46.6053819444,0027,02BA,0111,FEE1,FC7F,4AA4,000A,026E,0492,02E2,0A75,0FB0,1D36,07F3,015E,0010,0006
2016-07-29_AA0017_r-047-02.txt,AA0017,46.6074652778,0028,02BA,0110,FEE1,FC83,4AA8,000A,0273,04CA,02CA,0A67,1007,1CE3,07E5,014D,001A,0004
2016-07-29_AA0017_r-047-02.txt,AA0017,46.6095486111,0029,02B9,0110,FEE0,FC7F,4AA8,000A,0267,04A4,02DA,0A9D,0FA1,1D59,07CB,0149,0014,0004
2016-07-29_AA0017_r-047-02.txt,AA0017,46.6116319444,002A,02B7,0111,FEE4,FC83,4AA8,000A,026A,04EE,02B8,0A54,0F00,1DB6,0820,0159,0013,0002
2016-07-29_AA0017_r-047-02.txt,AA0017,46.6137152778,002B,02BA,0110,FEE3,FC7F,4AA6,000A,026B,04AD,02AB,0A52,0F5F,1DA7,0829,0151,000F,0002
2016-07-29_AA0017_r-047-02.txt,AA0017,46.6157986111,002C,02BA,010F,FEE0,FC7F,4AA6,000A,0275,0502,02CA,0A4F,0F5C,1D7A,07E6,0143,0014,0003
2016-07-29_AA0017_r-047-02.txt,AA0017,46.6178819444,002D,02BA,0110,FEE3,FC86,4AA8,000A,026A,04F5,02A6,0AA7,0F1F,1E05,0791,012C,0014,0007
2016-07-29_AA0017_r-047-02.txt,AA0017,46.6199652778,002E,02B7,0111,FEE1,FC83,4AA2,000A,028B,04EC,02C2,0A40,0F98,1D7D,07B6,0147,0013,0004
2016-07-29_AA0017_r-047-02.txt,AA0017,46.6220486111,002F,02B7,0113,FEE0,FC7F,4AAD,000A,026A,04DD,02C1,0A61,0FD6,1D34,07C7,0155,001C,0002
2016-07-29_AA0017_r-047-02.txt,AA0017,46.6241319444,0030,02BA,010F,FEE0,FC83,4AA3,000A,0251,047F,02B3,0AA1,0FE7,1D01,0832,0148,0015,0008
2016-07-29_AA0017_r-047-02.txt,AA0017,46.6262152778,0031,02B7,010F,FEE1,FC84,4AA8,000A,027B,04B1,02A2,0A9F,0F79,1D4C,080B,0145,001F,0007
2016-07-29_AA0017_r-047-02.txt,AA0017,46.6282986111,0032,02B7,010F,FEE1,FC83,4AA2,000A,028A,0470,02A4,0A6D,0F9F,1D7F,0827,0130,001F,0003
2016-07-29_AA0017_r-047-02.txt,AA0017,46.6303819444,0033,02B6,010F,FEE1,FC86,4AAB,000A,0266,04A6,02BF,0A60,0F9B,1D32,084B,014B,0019,0004
2016-07-29_AA0017_r-047-02.txt,AA0017,46.6324652778,0034,02B7,0110,FEE3,FC83,4AA2,000A,0271,04C4,02CE,0A4F,0F19,1DCE,07F8,015A,0013,0004
2016-07-29_AA0017_r-047-02.txt,AA0017,46.6345486111,0035,02B7,0111,FEE0,FC7F,4AAE,000A,0269,049E,02B1,0A54,0F80,1DB8,07F9,0154,0018,0005
2016-07-29_AA0017_r-047-02.txt,AA0017,46.6366319444,0036,02B7,0113,FEE3,FC80,4AA3,000A,029F,04B6,0297,0A03,0FC4,1DF8,07AF,0135,0011,0003
2016-07-29_AA0017_r-047-02.txt,AA0017,46.6387152778,0037,02B6,0111,FEE0,FC7F,4AAA,000A,024C,04E1,029F,0A54,0F2D,1DFB,07E6,0167,0010,0005
2016-07-29_AA0017_r-047-02.txt,AA0017,46.6407986111,0038,02B7,0113,FEE0,FC83,4AA3,000A,0251,04CF,02C8,0AE0,0F32,1D75,07C2,0154,0017,0007
2016-07-29_AA0017_r-047-02.txt,AA0017,46.6428819444,0039,02B7,010F,FEE3,FC7F,4A9C,000A,0294,04BC,028A,0A18,0F52,1E07,07F4,0145,0017,0001
2016-07-29_AA0017_r-047-02.txt,AA0017,46.6449652778,003A,02BA,0111,FEE1,FC7F,4AA9,000A,025E,04BF,02CA,0A4D,0F1B,1DB2,0820,016B,0018,0005
2016-07-29_AA0017_r-047-02.txt,AA0017,46.6470486111,003B,02B7,0111,FEE0,FC84,4AAD,000A,0290,04C0,02A4,0A2B,0F2B,1E29,07CA,0157,0018,0001
2016-07-29_AA0017_r-047-02.txt,AA0017,46.6491319444,003C,02B6,0113,FEE1,FC83,4AA9,000A,027D,04F8,02B2,0A1A,0F5B,1DB9,07EA,0154,0015,0001
2016-07-29_AA0017_r-047-02.txt,AA0017,46.6512152778,003D,02B9,0110,FEE0,FC81,4AA9,000A,0277,04C7,02A3,0A6D,0F8B,1D71,0811,013E,000D,0003
2016-07-29_AA0017_r-047-02.txt,AA0017,46.6532986111,003E,02B7,010F,FEE0,FC8B,4AAA,000A,0287,0496,02AB,09DA,0F39,1E0C,0845,015B,001F,0004
2016-07-29_AA0017_r-047-02.txt,AA0017,46.6553819444,003F,02B9,010F,FEE0,FC87,4AA5,000A,02A6,04B0,02A0,0A67,0FA9,1D6E,07C2,0155,0016,0004
2016-07-29_AA0017_r-047-02.txt,AA0017,46.6574652778,0040,02B7,0110,FEE0,FC83,4AAC,000A,0274,04B2,02CD,0A83,0F76,1DEA,0794,012A,000F,0009
2016-07-29_AA0017_r-047-02.txt,AA0017,46.6595486111,0041,02B7,0111,FEE3,FC7F,4AB8,000A,024D,04B4,02C3,0A98,0F37,1DA8,0811,0150,0017,0005
2016-07-29_AA0017_r-047-02.txt,AA0017,46.6616319444,0042,02B6,010F,FEE0,FC84,4AA7,000A,027C,04FE,029A,0A5F,0F19,1DA0,0804,015B,0015,0007
2016-07-29_AA0017_r-047-02.txt,AA0017,46.6637152778,0043,02B7,0111,FEE0,FC83,4AA9,000A,0242,04D6,02A4,0A9E,0F17,1DFD,07E2,0140,0012,0007
2016-07-29_AA0017_r-047-02.txt,AA0017,46.6657986111,0044,02BA,0110,FEE3,FC83,4AAA,000A,0283,04D9,02F0,0A54,0F36,1D71,07F8,014A,001A,0007
2016-07-29_AA0017_r-047-02.txt,AA0017,46.6678819444,0045,02B6,0110,FEE0,FC87,4AAD,000A,0276,04EC,02BF,09F8,0F8D,1D95,07EB,016B,0012,000A
2016-07-29_AA0017_r-047-02.txt,AA0017,46.6699652778,0046,02B9,010F,FEE3,FC7F,4AA2,000A,0290,04B9,029E,0A31,0F15,1E43,07C0,014F,001E,0005
2016-07-29_AA0017_r-047-02.txt,AA0017,46.6720486111,0047,02BA,010F,FEE1,FC86,4AB0,000A,0277,04E8,02B9,0A75,0FA5,1D2F,07E6,014F,0016,0004
2016-07-29_AA0017_r-047-02.txt,AA0017,46.6741319444,0048,02B9,0110,FEE0,FC87,4AA1,000A,0266,0496,02B4,0AAC,0F41,1DDD,07AF,016B,000A,0003
2016-07-29_AA0017_r-047-02.txt,AA0017,46.6762152778,0049,02B9,0110,FEE0,FC86,4AAC,000A,0277,04D6,0278,0A42,0F2C,1DE9,082B,0147,0019,0005
2016-07-29_AA0017_r-047-02.txt,AA0017,46.6782986111,004A,02B9,0114,FEE3,FC7C,4AAF,000A,026E,0513,0277,0A83,0F8C,1D48,07F0,015B,0011,0004
2016-07-29_AA0017_r-047-02.txt,AA0017,46.6803819444,004B,02BA,010F,FEE0,FC83,4AA6,000A,0265,04DF,0285,0A67,0F29,1DFF,07C3,016C,0018,0007
2016-07-29_AA0017_r-047-02.txt,AA0017,46.6824652778,004C,02B9,010F,FEE6,FC7F,4AA5,000A,0250,04C4,02A7,0A0B,0F52,1E41,07FD,0136,0017,0002
2016-07-29_AA0017_r-047-02.txt,AA0017,46.6845486111,004D,02BA,0111,FEE3,FC86,4AA3,000A,0278,04A9,02BE,0A3F,0F8D,1D85,083C,011C,0015,0006
2016-07-29_AA0017_r-047-02.txt,AA0017,46.6866319444,004E,02BA,010F,FEDF,FC83,4AAD,000A,0251,04A4,02A0,0A9F,0F4D,1DAF,0808,0154,0016,000B
2016-07-29_AA0017_r-047-02.txt,AA0017,46.6887152778,004F,02BA,0110,FEE1,FC83,4AA9,000A,0294,04BD,02AF,0A9D,0F68,1D40,080C,0146,0010,0002
2016-07-29_AA0017_r-047-03.txt,AA0017,46.6960069444,0002,02BA,0110,FEE0,FC81,4AB1,000A,025D,04E3,02D4,0A59,103C,1C98,07E1,0174,0016,0005
2016-07-29_AA0017_r-047-03.txt,AA0017,46.6980902778,0003,02BA,010F,FEE3,FC86,4AAB,000A,02A5,0486,02D3,0AC3,0FE2,1CDC,07BC,0158,0014,0004
2016-07-29_AA0017_r-047-03.txt,AA0017,46.7001736111,0004,02BA,0110,FEE1,FC83,4AAD,000A,0249,04B6,02F1,0A70,1054,1CC4,07B2,016B,0014,0004
2016-07-29_AA0017_r-047-03.txt,AA0017,46.7022569444,0005,02B7,0110,FEE3,FC7F,4AAA,000A,0283,0505,02A4,0A43,0FB9,1D0A,07EA,0179,0012,0003
2016-07-29_AA0017_r-047-03.txt,AA0017,46.7043402778,0006,02B5,0113,FEE1,FC83,4AA6,000A,026F,0481,027F,0AA6,0FA5,1D3C,0829,0167,001A,0006
2016-07-29_AA0017_r-047-03.txt,AA0017,46.7064236111,0007,02BC,010F,FEE1,FC83,4AAA,000A,028D,04F8,02AC,0A72,0F3F,1DAE,07B3,014A,001A,0003
2016-07-29_AA0017_r-047-03.txt,AA0017,46.7085069444,0008,02BA,0110,FEE3,FC7F,4AA8,000A,0263,04DE,029A,0A61,0EEF,1E27,07F4,0148,0017,0003
2016-07-29_AA0017_r-047-03.txt,AA0017,46.7105902778,0009,02BA,0113,FEE2,FC87,4AAB,000A,0289,04EF,0273,0A53,0F40,1E10,0797,0175,000E,0003
2016-07-29_AA0017_r-047-03.txt,AA0017,46.7126736111,000A,02BA,0110,FEE1,FC7F,4AA2,000A,023A,04A6,027F,0A91,0FB5,1DB0,07FE,0138,0013,0004
2016-07-29_AA0017_r-047-03.txt,AA0017,46.7147569444,000B,02BA,0111,FEE3,FC87,4AA6,000A,0291,04CC,029F,0A93,0F26,1D77,080A,0163,0009,0004
2016-07-29_AA0017_r-047-03.txt,AA0017,46.7168402778,000C,02BA,0110,FEE0,FC87,4AA6,000A,0261,04AB,02D3,0A46,0F37,1DF5,07FB,013D,001B,0002
2016-07-29_AA0017_r-047-03.txt,AA0017,46.7189236111,000D,02BA,0113,FEE0,FC82,4AAF,000A,0273,04BA,0282,0A3E,0F63,1DFC,0810,0138,0016,0005
2016-07-29_AA0017_r-047-03.txt,AA0017,46.7210069444,000E,02BA,0110,FEE3,FC83,4AA8,000A,0297,04B8,0286,09EF,0F10,1E50,0823,014D,000F,0005
2016-07-29_AA0017_r-047-03.txt,AA0017,46.7230902778,000F,02BA,0110,FEE1,FC84,4A9E,000A,0269,04D9,02AD,0AB4,0F09,1DE6,07BA,0136,0014,0008
2016-07-29_AA0017_r-047-03.txt,AA0017,46.7251736111,0010,02BC,0111,FEE0,FC80,4AAC,000A,0280,04DE,02CE,0A06,0F32,1DD4,0810,0143,001F,0002
2016-07-29_AA0017_r-047-03.txt,AA0017,46.7272569444,0011,02B7,010F,FEE0,FC83,4AA7,000A,0268,04BF,02E4,0A11,0F6C,1E46,07A9,0121,000D,0002
2016-07-29_AA0017_r-047-03.txt,AA0017,46.7293402778,0012,02BA,010F,FEE3,FC86,4AAE,000A,025D,04E8,0298,0A49,0F50,1DA0,084F,0139,000D,0003
2016-07-29_AA0017_r-047-03.txt,AA0017,46.7314236111,0013,02BA,0110,FEE1,FC83,4AA6,000A,0294,04DE,02AD,0A65,0ED1,1E33,07D0,013A,0011,0003
2016-07-29_AA0017_r-047-03.txt,AA0017,46.7335069444,0014,02BA,0111,FEE1,FC87,4AA9,000A,026C,04EC,02AA,0A5B,0EBF,1E97,07A2,013A,0014,0006
2016-07-29_AA0017_r-047-03.txt,AA0017,46.7355902778,0015,02B7,010F,FEE3,FC86,4AAB,000A,0266,04DB,02C0,0A0F,0F9D,1DAA,080F,012F,0015,0001
2016-07-29_AA0017_r-047-03.txt,AA0017,46.7376736111,0016,02BA,0110,FEE1,FC83,4AB3,000A,026B,04F9,028E,0A59,0EE2,1E45,07DD,0152,0011,0001
2016-07-29_AA0017_r-047-03.txt,AA0017,46.7397569444,0017,02BA,0111,FEE3,FC86,4AB2,000A,025C,04B1,027A,0A34,0EFF,1E9D,0812,0133,0011,0005
2016-07-29_AA0017_r-047-03.txt,AA0017,46.7418402778,0018,02BA,010F,FEE3,FC7F,4AAA,000A,0252,04C4,025E,0A45,0FC8,1DEB,080D,011D,0011,0003
2016-07-29_AA0017_r-047-03.txt,AA0017,46.7439236111,0019,02BA,0110,FEE1,FC7F,4AB0,000A,02A2,04E1,0261,0A0F,0E40,1EC5,082C,0171,0017,0004
2016-07-29_AA0017_r-047-03.txt,AA0017,46.7460069444,001A,02BA,0111,FEE0,FC83,4AAC,000A,0283,04D4,0294,0A15,0ECC,1E95,080E,0122,0016,0005
2016-07-29_AA0017_r-047-03.txt,AA0017,46.7480902778,001B,02BA,0110,FEE0,FC87,4AA5,000A,027B,049C,025C,09EB,0F4D,1E6B,0809,0167,001A,0005
2016-07-29_AA0017_r-047-03.txt,AA0017,46.7501736111,001C,02BE,010F,FEE0,FC86,4AA8,000A,029A,0476,0275,0A1C,0ECB,1EAB,081E,0152,001D,0004
2016-07-29_AA0017_r-047-03.txt,AA0017,46.7522569444,001D,02BA,0111,FEE0,FC86,4AAB,000A,0257,047B,025E,0A6A,0F16,1E9B,0803,013F,001D,0001
2016-07-29_AA0017_r-047-03.txt,AA0017,46.7543402778,001E,02BA,010F,FEE2,FC83,4AAD,000A,0294,04A2,025A,0AA8,0EFD,1E1D,07E1,0155,001C,0009
2016-07-29_AA0017_r-047-03.txt,AA0017,46.7564236111,001F,02BA,010F,FEE6,FC83,4AB1,000A,026B,049A,02A4,0A5C,0F0B,1DF9,0869,0121,0017,0007
2016-07-29_AA0017_r-047-03.txt,AA0017,46.7585069444,0020,02BC,0110,FEE3,FC7F,4AAA,000A,0288,04B3,028D,09E3,0F52,1E8A,07CB,013A,001C,0002
2016-07-29_AA0017_r-047-03.txt,AA0017,46.7605902778,0021,02BC,0111,FEE3,FC81,4AB4,000A,025F,04A0,027C,0AB0,0EB6,1EA8,07CD,013A,001F,0005
2016-07-29_AA0017_r-047-03.txt,AA0017,46.7626736111,0022,02BE,0110,FEE4,FC87,4AB1,000A,0276,0486,026A,0A3C,0ECD,1EF5,07D5,0151,0024,0003
2016-07-29_AA0017_r-047-03.txt,AA0017,46.7647569444,0023,02BA,0113,FEE1,FC86,4AAC,000A,0275,0498,0274,0A18,0EDE,1EDA,07ED,014E,0019,0007
2016-07-29_AA0017_r-047-03.txt,AA0017,46.7668402778,0024,02BC,0110,FEE1,FC83,4AAA,000A,02A6,04E1,0262,0A11,0ECA,1E8B,0826,0129,000B,0001
2016-07-29_AA0017_r-047-03.txt,AA0017,46.7689236111,0025,02BA,0110,FEE1,FC87,4AB1,0009,0294,04D7,0267,0A71,0F14,1E41,07DE,0125,0016,0000
2016-07-29_AA0017_r-047-03.txt,AA0017,46.7710069444,0026,02BD,0116,FEE1,FC83,4AB0,000A,025F,047D,0277,0A40,0EC8,1E91,0871,0134,0019,0006
2016-07-29_AA0017_r-047-03.txt,AA0017,46.7730902778,0027,02BE,0111,FEE1,FC84,4AAB,000A,0288,0474,0299,0A66,0EB1,1EAA,07F6,0143,0015,0007
2016-07-29_AA0017_r-047-03.txt,AA0017,46.7751736111,0028,02BA,0110,FEE1,FC83,4AAC,000A,025B,0451,0242,09D4,0F1D,1EFA,0887,013C,000E,0002
2016-07-29_AA0017_r-047-03.txt,AA0017,46.7772569444,0029,02C0,0110,FEE0,FC84,4AA9,000A,0260,04F5,027E,0A28,0E2C,1FA7,07C2,0105,0013,0001
2016-07-29_AA0017_r-047-03.txt,AA0017,46.7793402778,002A,02BA,0110,FEE0,FC87,4AA8,000A,0287,04FC,027C,09F3,0EB6,1E96,081A,013C,0013,0001
2016-07-29_AA0017_r-047-03.txt,AA0017,46.7814236111,002B,02BE,0113,FEE3,FC81,4AAF,000A,025E,04AD,0268,0A7B,0EB1,1E86,082E,014C,000D,0003
2016-07-29_AA0017_r-047-03.txt,AA0017,46.7835069444,002C,02BE,0111,FEE3,FC83,4AB4,000A,02A5,0472,02A0,09B2,0F21,1ED5,080F,012E,0016,0002
2016-07-29_AA0017_r-047-03.txt,AA0017,46.7855902778,002D,02BD,0111,FEE1,FC84,4AAF,000A,0278,04AE,0260,0A9B,0E9F,1E3E,0846,0155,0014,0002
2016-07-29_AA0017_r-047-03.txt,AA0017,46.7876736111,002E,02BD,0113,FEE3,FC7E,4AB5,000A,02CC,0491,024B,0A7D,0EC0,1E9B,0800,0122,000E,0005
2016-07-29_AA0017_r-047-03.txt,AA0017,46.7897569444,002F,02BA,0111,FEE1,FC83,4AB6,000A,029D,04A6,026A,0AA4,0E7D,1E8D,080D,0136,0016,0002
2016-07-29_AA0017_r-047-03.txt,AA0017,46.7918402778,0030,02BE,0110,FEE0,FC7C,4AB3,000A,0265,04D3,0269,0A76,0E9E,1EB4,0808,011F,001F,0004
2016-07-29_AA0017_r-047-03.txt,AA0017,46.7939236111,0031,02BE,0111,FEE3,FC80,4AAB,000A,02BA,04C7,0270,0A28,0E4F,1F17,07EE,0124,0016,0004
2016-07-29_AA0017_r-047-03.txt,AA0017,46.7960069444,0032,02BE,010F,FEE3,FC7F,4AA7,000A,0284,04D1,0298,0A70,0E22,1F51,07C5,00FD,0010,0005
2016-07-29_AA0017_r-047-03.txt,AA0017,46.7980902778,0033,02BE,0111,FEE7,FC7F,4AAB,000A,02BA,0483,0242,0A2F,0E75,1F2D,0812,0135,0012,0002
2016-07-29_AA0017_r-047-03.txt,AA0017,46.8001736111,0034,02BE,0110,FEE1,FC87,4AB0,000A,0274,04B4,0270,0A52,0E65,1F2F,07D9,0138,001F,0002
2016-07-29_AA0017_r-047-03.txt,AA0017,46.8022569444,0035,02C0,010F,FEDF,FC83,4AB2,000B,04C2,0256,0A4B,0E53,1F5D,07AF,0159,0014,0005,0001
2016-07-29_AA0017_r-047-03.txt,AA0017,46.8043402778,0036,02C0,010F,FEE1,FC83,4AB2,000A,029C,04D2,023C,0A49,0E96,1F10,0802,0103,0012,0002
2016-07-29_AA0017_r-047-03.txt,AA0017,46.8064236111,0037,02BE,0110,FEE0,FC83,4AB7,000A,0274,0473,0266,0AA1,0E90,1EEE,07FD,012E,001A,0006
2016-07-29_AA0017_r-047-03.txt,AA0017,46.8085069444,0038,02BC,010F,FEE3,FC83,4AB6,000A,0284,04D9,0288,0A88,0EAA,1E74,07FA,0114,0018,0005
2016-07-29_AA0017_r-047-03.txt,AA0017,46.8105902778,0039,02BE,0110,FEE1,FC83,4AB6,000A,0287,04D3,0247,0A89,0EC3,1E16,086F,012A,000F,000B
2016-07-29_AA0017_r-047-03.txt,AA0017,46.8126736111,003A,02C0,0110,FEE3,FC7F,4AB7,000A,0297,04C8,0254,0A16,0E8F,1F0D,0814,0127,0015,0002
2016-07-29_AA0017_r-047-03.txt,AA0017,46.8147569444,003B,02BE,010F,FEE0,FC7F,4ABC,000A,0292,0479,0268,0A7C,0E79,1F15,07E9,013C,0019,0001
2016-07-29_AA0017_r-047-03.txt,AA0017,46.8168402778,003C,02C0,0111,FEE0,FC84,4AB7,000A,0287,04AC,027B,0A4C,0E96,1F40,07A9,0126,0014,0004
2016-07-29_AA0017_r-047-03.txt,AA0017,46.8189236111,003D,02C0,0113,FEE3,FC86,4AB9,000A,0277,04B5,025F,0A1F,0E97,1F1D,0828,011A,0014,0005
2016-07-29_AA0017_r-047-03.txt,AA0017,46.8210069444,003E,02C0,0113,FEE0,FC83,4AB9,000A,0287,050A,0269,0A3E,0E3A,1F7C,07A3,0110,0017,0001
2016-07-29_AA0017_r-047-03.txt,AA0017,46.8230902778,003F,02C0,010F,FEE0,FC83,4AB7,000A,02B5,04C9,0263,0A56,0E85,1ED5,07D4,0139,0014,0005
2016-07-29_AA0017_r-047-03.txt,AA0017,46.8251736111,0040,02BE,0111,FEE1,FC7E,4AB2,000A,029F,04B9,0264,0A33,0E23,1FC8,07AA,011D,000E,0003
2016-07-29_AA0017_r-047-03.txt,AA0017,46.8272569444,0041,02C0,0110,FEE6,FC84,4ABD,000A,0298,04B3,0291,0A3E,0E7C,1EE7,0803,011E,001B,0004
2016-07-29_AA0017_r-047-03.txt,AA0017,46.8293402778,0042,02C0,010F,FEE3,FC7F,4AB5,000A,0285,04E1,0258,0A62,0DC7,1FBE,0800,00FE,000C,0006
2016-07-29_AA0017_r-047-03.txt,AA0017,46.8314236111,0043,02C0,0111,FEE3,FC86,4AB9,000A,0279,04FD,0276,0A1D,0E1E,1F7F,07EA,010D,001A,0002
2016-07-29_AA0017_r-047-03.txt,AA0017,46.8335069444,0044,02C0,0111,FEE0,FC83,4AB8,000A,0297,048C,0271,0A4F,0DF2,1FCE,07E0,011D,0017,0001
2016-07-29_AA0017_r-047-03.txt,AA0017,46.8355902778,0045,02C0,0111,FEE0,FC87,4AB5,000A,028C,0499,027F,0A32,0E4C,1F71,07EC,0118,001A,0004
2016-07-29_AA0017_r-047-03.txt,AA0017,46.8376736111,0046,02C0,0110,FEE3,FC86,4AB7,000A,0298,04E0,025D,0A3A,0E57,1EEE,081F,0127,0019,0004
2016-07-29_AA0017_r-047-03.txt,AA0017,46.8397569444,0047,02C0,0110,FEE1,FC83,4AC0,000A,0285,04BA,0274,0A58,0E11,1FD5,07A2,0118,0013,0002
2016-07-29_AA0017_r-047-03.txt,AA0017,46.8418402778,0048,02C0,010F,FEE1,FC86,4AB5,000A,029F,04DE,0242,0AB1,0E4C,1F23,07A1,011B,0016,0004
2016-07-29_AA0017_r-047-03.txt,AA0017,46.8439236111,0049,02C0,0113,FEE3,FC7E,4AB8,000A,0271,04B3,0259,0A20,0E6D,1F2D,082B,013E,0013,0005
2016-07-29_AA0017_r-047-03.txt,AA0017,46.8460069444,004A,02C0,0113,FEE3,FC83,4AB7,000A,0275,04C0,024B,0A3F,0EB4,1EDD,0800,0154,000C,0007
2016-07-29_AA0017_r-047-03.txt,AA0017,46.8480902778,004B,02C0,0110,FEE3,FC7F,4AB8,000B,04B4,0259,0A3C,0E71,1F57,07D3,0138,001E,0006,0001
2016-07-29_AA0017_r-047-03.txt,AA0017,46.8501736111,004C,02C1,0110,FEE0,FC86,4ABC,000A,029C,04CD,0226,0A50,0E8B,1F30,07E5,0122,0019,0002
2016-07-29_AA0017_r-047-03.txt,AA0017,46.8522569444,004D,02C0,0111,FEE0,FC84,4ABF,000A,0284,04C7,0266,0A56,0E5A,1F2A,0804,0117,0012,0007
2016-07-29_AA0017_r-047-03.txt,AA0017,46.8543402778,004E,02C0,010F,FEE3,FC84,4AC0,000A,0292,04D0,0261,0A61,0E20,1F99,078D,013A,001A,0002
2016-07-29_AA0017_r-047-03.txt,AA0017,46.8564236111,004F,02C0,010F,FEE3,FC86,4AB9,000A,02C3,048C,026C,0A51,0E6E,1F4B,07AD,0130,0010,0007
